Name,Brand,Ram (GB),Rom (GB),Display,Battery,Price,Website
"SAMSUNG Galaxy F13 (Waterfall Blue, 64 GB)",SAMSUNG,4,64,16.76,6000,"9,699",PakMobiZone
"SAMSUNG Galaxy F13 (Sunrise Copper, 64 GB)",SAMSUNG,4,64,16.76,6000,"9,699",PakMobiZone
itel it2163S,itel,4,4,4.57,1200,989,PakMobiZone
"SAMSUNG Galaxy F13 (Nightsky Green, 128 GB)",SAMSUNG,4,128,16.76,6000,"10,699",PakMobiZone
"SAMSUNG Galaxy F13 (Waterfall Blue, 128 GB)",SAMSUNG,4,128,16.76,6000,"10,699",PakMobiZone
"Infinix HOT 20 Play (Fantasy Purple, 64 GB)",Infinix,4,64,17.32,6000,"8,999",PakMobiZone
GREENBERRI VIRAT,GREENBERRI,3,64,4.57,1000,849,PakMobiZone
"Infinix HOT 20 Play (Racing Black, 64 GB)",Infinix,4,64,17.32,6000,"8,199",PakMobiZone
"Infinix HOT 20 Play (Luna Blue, 64 GB)",Infinix,4,64,17.32,6000,"8,199",PakMobiZone
"Infinix HOT 20 Play (Aurora Green, 64 GB)",Infinix,4,64,17.32,6000,"8,199",PakMobiZone
"REDMI 9i Sport (Carbon Black, 64 GB)",REDMI,4,64,16.59,5000,"7,499",PakMobiZone
"POCO C31 (Shadow Gray, 64 GB)",POCO,4,64,16.59,5000,"7,499",PakMobiZone
"MOTOROLA G62 5G (Midnight Gray, 128 GB)",MOTOROLA,8,128,16.64,5000,"15,999",PakMobiZone
"REDMI 10 (Caribbean Green, 64 GB)",REDMI,4,64,17.02,6000,"9,999",PakMobiZone
"REDMI 10 (Midnight Black, 64 GB)",REDMI,4,64,17.02,6000,"9,999",PakMobiZone
"POCO M4 Pro (Cool Blue, 128 GB)",POCO,6,128,16.33,5000,"13,499",PakMobiZone
"APPLE iPhone 14 (Midnight, 128 GB)",APPLE,-,128,15.49,4250,"71,999",PakMobiZone
"POCO C31 (Royal Blue, 64 GB)",POCO,4,64,16.59,5000,"7,499",PakMobiZone
"POCO M4 Pro (Cool Blue, 64 GB)",POCO,6,64,16.33,5000,"11,999",PakMobiZone
"MOTOROLA g52 (Charcoal Grey, 128 GB)",MOTOROLA,6,128,16.76,5000,"12,999",PakMobiZone
"Infinix Smart 6 HD (Aqua Sky, 32 GB)",Infinix,2,32,16.76,5000,"5,599",PakMobiZone
"Infinix Smart 6 HD (Force Black, 32 GB)",Infinix,2,32,16.76,5000,"5,599",PakMobiZone
"MOTOROLA e13 (Cosmic Black, 64 GB)",MOTOROLA,4,64,16.51,5000,"7,999",PakMobiZone
"Infinix Smart 6 HD (Origin Blue, 32 GB)",Infinix,2,32,16.76,5000,"5,599",PakMobiZone
"MOTOROLA g31 (Baby Blue, 64 GB)",MOTOROLA,4,64,16.26,5000,"9,499",PakMobiZone
itel it2163S,itel,4,4,4.57,7,989,PakMobiZone
"SAMSUNG Galaxy F04 (Opal Green, 64 GB)",SAMSUNG,4,64,16.51,5000,"8,999",PakMobiZone
"SAMSUNG Galaxy F23 5G (Aqua Blue, 128 GB)",SAMSUNG,6,128,16.76,5000,"15,999",PakMobiZone
"APPLE iPhone 11 (White, 128 GB)",APPLE,-,128,15.49,0,"46,999",PakMobiZone
itel IT5626,itel,8,8,7.11,2500,"1,749",PakMobiZone
"realme C35 (Glowing Black, 64 GB)",realme,4,64,16.76,5000,"11,999",PakMobiZone
Nokia 105 SS,Nokia,32,32,4.5,800,"1,299",PakMobiZone
"SAMSUNG Galaxy F04 (Jade Purple, 64 GB)",SAMSUNG,4,64,16.51,5000,"8,999",PakMobiZone
GREENBERRI VIRAT,GREENBERRI,64,64,4.57,1000,849,PakMobiZone
"MOTOROLA G32 (Mineral Gray, 64 GB)",MOTOROLA,4,64,16.64,5000,"10,499",PakMobiZone
"POCO C31 (Shadow Gray, 32 GB)",POCO,3,32,16.59,5000,"6,499",PakMobiZone
"MOTOROLA g31 (Meteorite Grey, 64 GB)",MOTOROLA,4,64,16.26,5000,"9,499",PakMobiZone
"APPLE iPhone 14 (Starlight, 128 GB)",APPLE,-,128,15.49,0,"71,999",PakMobiZone
"APPLE iPhone 11 (Black, 128 GB)",APPLE,-,128,15.49,0,"46,999",PakMobiZone
"MOTOROLA G62 5G (Frosted Blue, 128 GB)",MOTOROLA,8,128,16.64,5000,"15,999",PakMobiZone
"SAMSUNG Galaxy F23 5G (Copper Blush, 128 GB)",SAMSUNG,6,128,16.76,5000,"15,999",PakMobiZone
"realme C35 (Glowing Green, 64 GB)",realme,4,64,16.76,5000,"11,999",PakMobiZone
"MOTOROLA e13 (Creamy White, 64 GB)",MOTOROLA,4,64,16.51,5000,"7,999",PakMobiZone
"POCO M4 Pro 5G (Cool Blue, 64 GB)",POCO,4,64,16.76,5000,"12,999",PakMobiZone
"MOTOROLA G62 5G (Midnight Gray, 128 GB)",MOTOROLA,6,128,16.64,5000,"14,999",PakMobiZone
"Infinix Hot 20 5G (Space Blue, 128 GB)",Infinix,6,128,16.76,5000,"12,999",PakMobiZone
"realme C30s (Stripe Blue, 32 GB)",realme,2,32,16.51,5000,"6,999",PakMobiZone
"MOTOROLA g52 (Metallic White, 64 GB)",MOTOROLA,4,64,16.76,5000,"10,999",PakMobiZone
itel it2163S,itel,4,4,4.57,7,989,PakMobiZone
"realme C33 (Night Sea, 32 GB)",realme,3,32,16.51,5000,"8,999",PakMobiZone
"realme C33 (Sandy Gold, 32 GB)",realme,3,32,16.51,5000,"8,999",PakMobiZone
"vivo T1 44W (Starry Sky, 128 GB)",vivo,4,128,16.36,5000,"14,499",PakMobiZone
itel IT5626,itel,8,8,7.11,2500,"1,749",PakMobiZone
"vivo T1 44W (Midnight Galaxy, 128 GB)",vivo,4,128,16.36,5000,"14,499",PakMobiZone
"POCO M4 Pro 5G (Cool Blue, 128 GB)",POCO,8,128,16.76,5000,"15,999",PakMobiZone
"POCO M4 Pro (Yellow, 64 GB)",POCO,6,64,16.33,5000,"11,999",PakMobiZone
GREENBERRI VIRAT,GREENBERRI,64,64,4.57,1000,849,PakMobiZone
"REDMI 9i Sport (Coral Green, 64 GB)",REDMI,4,64,16.59,5000,"7,499",PakMobiZone
"realme C35 (Glowing Green, 128 GB)",realme,4,128,16.76,5000,"12,999",PakMobiZone
"realme C35 (Glowing Black, 128 GB)",realme,4,128,16.76,5000,"12,999",PakMobiZone
"REDMI 10 (Pacific Blue, 64 GB)",REDMI,4,64,17.02,6000,"9,999",PakMobiZone
"APPLE iPhone 14 (Purple, 128 GB)",APPLE,-,128,15.49,0,"71,999",PakMobiZone
"MOTOROLA e40 (Carbon Gray, 64 GB)",MOTOROLA,4,64,16.51,5000,"8,999",PakMobiZone
"MOTOROLA g72 (Meteorite Grey, 128 GB)",MOTOROLA,6,128,16.64,5000,"15,999",PakMobiZone
"APPLE iPhone 14 (Blue, 128 GB)",APPLE,-,128,15.49,0,"71,999",PakMobiZone
"Infinix Hot 12 (Exploratory Blue, 64 GB)",Infinix,4,64,17.32,6000,"8,999",PakMobiZone
"Infinix Hot 12 (7Â° Purple, 64 GB)",Infinix,4,64,17.32,6000,"8,999",PakMobiZone
"vivo T1 44W (Midnight Galaxy, 128 GB)",vivo,6,128,16.36,5000,"15,999",PakMobiZone
"APPLE iPhone 11 (Black, 64 GB)",APPLE,-,64,15.49,0,"40,999",PakMobiZone
"realme C33 (Aqua Blue, 64 GB)",realme,4,64,16.51,5000,"9,999",PakMobiZone
"REDMI Note 11 SE (Cosmic White, 64 GB)",REDMI,6,64,16.33,5000,"11,999",PakMobiZone
itel it2163S,itel,4,4,4.57,7,989,PakMobiZone
"OPPO A17k (Gold, 64 GB)",OPPO,3,64,16.66,5000,"9,499",PakMobiZone
"OPPO A17k (Navy Blue, 64 GB)",OPPO,3,64,16.66,5000,"9,499",PakMobiZone
"MOTOROLA g82 5G (Meterorite Grey, 128 GB)",MOTOROLA,8,128,16.76,5000,"20,699",PakMobiZone
itel IT5626,itel,8,8,7.11,2500,"1,749",PakMobiZone
"realme C30 (Lake Blue, 32 GB)",realme,2,32,16.51,5000,"5,999",PakMobiZone
"vivo T1X (Space Blue, 64 GB)",vivo,4,64,16.71,5000,"11,999",PakMobiZone
"realme C30 (Bamboo Green, 32 GB)",realme,3,32,16.51,5000,"6,999",PakMobiZone
GREENBERRI VIRAT,GREENBERRI,64,64,4.57,1000,849,PakMobiZone
"POCO C50 (Country Green, 32 GB)",POCO,3,32,16.56,5000,"6,999",PakMobiZone
"vivo T1X (Gravity Black, 64 GB)",vivo,4,64,16.71,5000,"11,999",PakMobiZone
"vivo T1X (Gravity Black, 128 GB)",vivo,4,128,16.71,5000,"12,999",PakMobiZone
"realme 9i 5G (Rocking Black, 64 GB)",realme,4,64,16.76,5000,"14,999",PakMobiZone
"MOTOROLA g82 5G (White Lily, 128 GB)",MOTOROLA,8,128,16.76,5000,"20,699",PakMobiZone
"POCO M4 5G (Power Black, 128 GB)",POCO,6,128,16.71,5000,"13,999",PakMobiZone
"realme C30s (Stripe Black, 32 GB)",realme,2,32,16.51,5000,"6,999",PakMobiZone
"POCO M4 5G (Cool Blue, 128 GB)",POCO,6,128,16.71,5000,"13,999",PakMobiZone
"vivo T1 44W (Starry Sky, 128 GB)",vivo,6,128,16.36,5000,"15,999",PakMobiZone
"MOTOROLA g42 (Metallic Rose, 64 GB)",MOTOROLA,4,64,16.43,5000,"10,999",PakMobiZone
"vivo T1 44W (Midnight Galaxy, 128 GB)",vivo,8,128,16.36,5000,"17,999",PakMobiZone
"POCO M4 Pro 5G (Power Black, 128 GB)",POCO,8,128,16.76,5000,"15,999",PakMobiZone
"vivo T1X (Space Blue, 128 GB)",vivo,4,128,16.71,5000,"12,999",PakMobiZone
"Infinix NOTE 12i (Force Black, 64 GB)",Infinix,4,64,17.02,5000,"9,999",PakMobiZone
itel it2163S,itel,4,4,4.57,7,989,PakMobiZone
"realme C30 (Lake Blue, 32 GB)",realme,3,32,16.51,5000,"6,999",PakMobiZone
"realme C30 (Denim Black, 32 GB)",realme,3,32,16.51,5000,"6,999",PakMobiZone
"realme 9i 5G (Soulful Blue, 64 GB)",realme,4,64,16.76,5000,"14,999",PakMobiZone
itel IT5626,itel,8,8,7.11,2500,"1,749",PakMobiZone
"realme 9i 5G (Metallica Gold, 64 GB)",realme,4,64,16.76,5000,"14,999",PakMobiZone
"vivo T1X (Space Blue, 128 GB)",vivo,6,128,16.71,5000,"14,999",PakMobiZone
"POCO C50 (Royal Blue, 32 GB)",POCO,3,32,16.56,5000,"6,999",PakMobiZone
GREENBERRI VIRAT,GREENBERRI,64,64,4.57,1000,849,PakMobiZone
"Realme C30 - Locked with Airtel Prepaid (Denim Black, 32 GB)",Realme,2,32,16.51,5000,"5,549",PakMobiZone
"MOTOROLA g72 (Polar Blue, 128 GB)",MOTOROLA,6,128,16.64,5000,"15,999",PakMobiZone
"realme C35 (Glowing Black, 128 GB)",realme,6,128,16.76,5000,"13,999",PakMobiZone
"realme C35 (Glowing Green, 128 GB)",realme,6,128,16.76,5000,"13,999",PakMobiZone
"REDMI 10A (Charcoal Black, 32 GB)",REDMI,3,32,16.59,5000,"7,694",PakMobiZone
"MOTOROLA g22 (Cosmic Black, 64 GB)",MOTOROLA,4,64,16.51,5000,"9,499",PakMobiZone
"POCO C50 (Country Green, 32 GB)",POCO,2,32,16.56,5000,"6,249",PakMobiZone
"REDMI 10 (Pacific Blue, 128 GB)",REDMI,6,128,17.02,6000,"11,999",PakMobiZone
"realme C31 (Light Silver, 32 GB)",realme,3,32,16.56,5000,"9,299",PakMobiZone
"realme C31 (Dark Green, 64 GB)",realme,4,64,16.56,5000,"9,999",PakMobiZone
"POCO M4 Pro 5G (Cool Blue, 128 GB)",POCO,6,128,16.76,5000,"15,499",PakMobiZone
"realme Narzo 50 (Speed Blue, 64 GB)",realme,4,64,16.76,5000,"11,775",PakMobiZone
"vivo T1 5G (Starlight Black, 128 GB)",vivo,6,128,16.71,5000,"16,990",PakMobiZone
"vivo T1 5G (Starlight Black, 128 GB)",vivo,4,128,16.71,5000,"15,990",PakMobiZone
itel it2163S,itel,4,4,4.57,7,989,PakMobiZone
"OPPO Reno8T 5G (Sunrise Gold, 128 GB)",OPPO,8,128,17.02,4800,"29,999",PakMobiZone
"realme C31 (Light Silver, 64 GB)",realme,4,64,16.56,5000,"9,999",PakMobiZone
"realme C31 (Dark Green, 32 GB)",realme,3,32,16.56,5000,"9,299",PakMobiZone
itel IT5626,itel,8,8,7.11,2500,"1,749",PakMobiZone
"vivo T1X (Gravity Black, 128 GB)",vivo,6,128,16.71,5000,"14,999",PakMobiZone
"Infinix Hot 20 5G (Blaster Green, 128 GB)",Infinix,6,128,16.76,5000,"12,999",PakMobiZone
itel It2171,itel,32,32,4.57,1000,999,PakMobiZone
GREENBERRI VIRAT,GREENBERRI,64,64,4.57,1000,849,PakMobiZone
"REDMI A1 (Black, 32 GB)",REDMI,2,32,16.56,5000,"6,499",PakMobiZone
"SAMSUNG Galaxy F23 5G (Forest Green, 128 GB)",SAMSUNG,4,128,16.76,5000,"14,999",PakMobiZone
"realme 10 Pro 5G (Nebula Blue, 128 GB)",realme,8,128,17.07,5000,"19,999",PakMobiZone
"realme 10 Pro 5G (Dark Matter, 128 GB)",realme,8,128,17.07,5000,"19,999",PakMobiZone
"realme 10 Pro 5G (Nebula Blue, 128 GB)",realme,6,128,17.07,5000,"18,999",PakMobiZone
"realme 10 Pro 5G (Hyperspace, 128 GB)",realme,6,128,17.07,5000,"18,999",PakMobiZone
"REDMI A1 (Light Green, 32 GB)",REDMI,2,32,16.56,5000,"6,499",PakMobiZone
"POCO M4 5G (Yellow, 64 GB)",POCO,4,64,16.71,5000,"11,999",PakMobiZone
"MOTOROLA Edge 20 5G (Frosted Pearl, 128 GB)",MOTOROLA,8,128,17.02,4000,"20,999",PakMobiZone
"MOTOROLA g82 5G (Meterorite Grey, 128 GB)",MOTOROLA,6,128,16.76,5000,"19,199",PakMobiZone
"realme 10 Pro 5G (Dark Matter, 128 GB)",realme,6,128,17.07,5000,"18,999",PakMobiZone
"MOTOROLA g82 5G(White Lily, 128 GB)",MOTOROLA,6,128,16.76,5000,"19,199",PakMobiZone
"POCO M4 Pro 5G (Yellow, 128 GB)",POCO,6,128,16.76,5000,"14,999",PakMobiZone
"OPPO A17 (Midnight Black, 64 GB)",OPPO,4,64,16.66,5000,"12,499",PakMobiZone
itel it2163S,itel,4,4,4.57,7,989,PakMobiZone
"POCO M4 Pro (Power Black, 128 GB)",POCO,8,128,16.33,5000,"14,999",PakMobiZone
"POCO C50 (Royal Blue, 32 GB)",POCO,2,32,16.56,5000,"6,249",PakMobiZone
"POCO M4 5G (Power Black, 64 GB)",POCO,4,64,16.71,5000,"11,999",PakMobiZone
itel IT5626,itel,8,8,7.11,2500,"1,749",PakMobiZone
SAMSUNG Guru Music 2,SAMSUNG,-,0,5.08,0,"2,059",PakMobiZone
"MOTOROLA g31 (Baby Blue, 128 GB)",MOTOROLA,6,128,16.26,5000,"11,999",PakMobiZone
"REDMI Note 10S (Frost White, 64 GB)",REDMI,6,64,16.33,5000,"12,999",PakMobiZone
GREENBERRI VIRAT,GREENBERRI,64,64,4.57,1000,849,PakMobiZone
"POCO M4 Pro 5G (Yellow, 64 GB)",POCO,4,64,16.76,5000,"12,999",PakMobiZone
"SAMSUNG GALAXY M13 (Midnight Blue, 64 GB)",SAMSUNG,4,64,16.76,6000,"10,980",PakMobiZone
"OPPO Reno8T 5G (Midnight Black, 128 GB)",OPPO,8,128,17.02,4800,"29,999",PakMobiZone
"vivo T1 44W (Starry Sky, 128 GB)",vivo,8,128,16.36,5000,"17,999",PakMobiZone
"POCO X5 Pro 5G (Horizon Blue, 256 GB)",POCO,8,256,16.94,5000,"24,999",PakMobiZone
"APPLE iPhone 12 (Black, 128 GB)",APPLE,-,128,15.49,0,"56,999",PakMobiZone
"MOTOROLA e13 (Aurora Green, 64 GB)",MOTOROLA,4,64,16.51,5000,"7,999",PakMobiZone
Nokia TA-1459,Nokia,32,32,4.5,800,"1,449",PakMobiZone
SAMSUNG Guru Music 2,SAMSUNG,-,0,5.08,1,"2,074",PakMobiZone
"POCO X4 Pro 5G (Laser Blue, 128 GB)",POCO,8,128,16.94,5000,"18,499",PakMobiZone
Nokia 150 TA-1235 DS,Nokia,4,4,6.1,1020,"2,499",PakMobiZone
itel It2171,itel,32,32,4.57,1000,999,PakMobiZone
"REDMI Note 11 (Space Black, 64 GB)",REDMI,4,64,16.33,5000,"11,999",PakMobiZone
"REDMI Note 11 (Starburst White, 64 GB)",REDMI,4,64,16.33,5000,"12,935",PakMobiZone
itel it2163S,itel,4,4,4.57,7,989,PakMobiZone
"REDMI Note 11 (Space Black, 64 GB)",REDMI,6,64,16.33,5000,"12,769",PakMobiZone
"REDMI Note 11 (Horizon Blue, 64 GB)",REDMI,6,64,16.33,5000,"12,325",PakMobiZone
"realme Narzo 50 (Speed Blue, 128 GB)",realme,6,128,16.76,5000,"15,499",PakMobiZone
itel IT5626,itel,8,8,7.11,2500,"1,749",PakMobiZone
"realme Narzo 50 (Speed Black, 128 GB)",realme,6,128,16.76,5000,"15,499",PakMobiZone
"REDMI 9 Activ (Coral Green, 128 GB)",REDMI,6,128,16.59,5000,"10,499",PakMobiZone
"SAMSUNG Galaxy M33 5G (Deep Ocean Blue, 128 GB)",SAMSUNG,6,128,16.76,6000,"17,018",PakMobiZone
GREENBERRI VIRAT,GREENBERRI,64,64,4.57,1000,849,PakMobiZone
KARBONN KX3,KARBONN,32,32,4.57,800,985,PakMobiZone
"OPPO F19 (Midnight Blue, 128 GB)",OPPO,6,128,16.33,5000,"14,990",PakMobiZone
"Infinix Note 12 5G (Force Black, 64 GB)",Infinix,6,64,17.02,5000,"12,999",PakMobiZone
"SAMSUNG Galaxy F13 (Sunrise Copper, 128 GB)",SAMSUNG,4,128,16.76,6000,"10,699",PakMobiZone
"Infinix Note 12 5G (Snowfall, 64 GB)",Infinix,6,64,17.02,5000,"12,999",PakMobiZone
"MOTOROLA g42 (Atlantic Green, 64 GB)",MOTOROLA,4,64,16.43,5000,"10,999",PakMobiZone
SAMSUNG GT-E1215,SAMSUNG,-,0,3.81,0,"1,499",CellMart
LAVA GEM,LAVA,0,0,7.11,1750,"1,679",CellMart
"REDMI 10 Prime (Phantom Black, 128 GB)",REDMI,6,128,16.51,6000,"12,999",CellMart
"POCO X5 Pro 5G (Astral Black, 256 GB)",POCO,8,256,16.94,5000,"24,999",CellMart
LAVA Gem,LAVA,32,32,7.11,1750,"1,679",CellMart
"vivo T1 5G (Starlight Black, 128 GB)",vivo,8,128,16.71,5000,"19,990",CellMart
"realme C30 (Bamboo Green, 32 GB)",realme,2,32,16.51,5000,"5,999",CellMart
"realme 10 (Clash White, 64 GB)",realme,4,64,16.26,5000,"13,999",CellMart
itel it2163S,itel,4,4,4.57,7,989,CellMart
"realme 10 (Rush Black, 128 GB)",realme,8,128,16.26,5000,"16,999",CellMart
"POCO M4 Pro (Cool Blue, 128 GB)",POCO,8,128,16.33,5000,"14,999",CellMart
"vivo T1 5G (Rainbow Fantasy, 128 GB)",vivo,6,128,16.71,5000,"20,990",CellMart
itel IT5626,itel,8,8,7.11,2500,"1,749",CellMart
"POCO X4 Pro 5G (Yellow, 128 GB)",POCO,6,128,16.94,5000,"16,999",CellMart
"Infinix HOT 20 5G (Blaster Green, 64 GB)",Infinix,4,64,16.76,5000,"10,999",CellMart
"realme 9i 5G (Rocking Black, 128 GB)",realme,6,128,16.76,5000,"16,999",CellMart
GREENBERRI VIRAT,GREENBERRI,64,64,4.57,1000,849,CellMart
"APPLE iPhone 11 (White, 64 GB)",APPLE,-,64,15.49,0,"40,999",CellMart
"realme C11 2021 (Cool Blue, 32 GB)",realme,2,32,16.51,5000,"7,499",CellMart
"realme C11 2021 (Cool Grey, 32 GB)",realme,2,32,16.51,5000,"7,499",CellMart
"realme C30s (Stripe Black, 64 GB)",realme,4,64,16.51,5000,"8,499",CellMart
Micromax J22,Micromax,32,32,6.1,1,"1,238",CellMart
"realme 10 Pro+ 5G (Dark Matter, 128 GB)",realme,6,128,17.02,5000,"24,999",CellMart
Micromax X412,Micromax,32,32,4.5,800,975,CellMart
Micromax X416,Micromax,32,32,4.5,1000,961,CellMart
"realme C30s (Stripe Blue, 64 GB)",realme,4,64,16.51,5000,"8,499",CellMart
"APPLE iPhone 13 (Blue, 128 GB)",APPLE,-,128,15.49,0,"62,999",CellMart
"REDMI Note 12 Pro 5G (Stardust Purple, 256 GB)",REDMI,8,256,16.94,5000,"27,999",CellMart
SAMSUNG Guru Music 2,SAMSUNG,0,0,5.08,800,"2,098",CellMart
"REDMI 9 Activ (Carbon Black, 128 GB)",REDMI,6,128,16.59,5000,"10,499",CellMart
"SAMSUNG Galaxy F23 5G (Copper Blush, 128 GB)",SAMSUNG,6,128,16.76,5000,"16,899",CellMart
itel it2163S,itel,4,4,4.57,7,989,CellMart
"APPLE iPhone 14 Plus (Starlight, 128 GB)",APPLE,-,128,17.02,0,"80,999",CellMart
"Tecno Spark 9 (Sky Mirror, 128 GB)",Tecno,6,128,16.76,5000,"9,695",CellMart
"REDMI Note 12 Pro 5G (Stardust Purple, 128 GB)",REDMI,6,128,16.94,5000,"24,999",CellMart
itel IT5626,itel,8,8,7.11,2500,"1,749",CellMart
Micromax X413,Micromax,32,32,4.5,800,945,CellMart
"OPPO K10 5G (Ocean Blue, 128 GB)",OPPO,8,128,16.66,5000,"17,699",CellMart
"SAMSUNG Galaxy F23 5G (Forest Green, 128 GB)",SAMSUNG,6,128,16.76,5000,"16,899",CellMart
GREENBERRI VIRAT,GREENBERRI,64,64,4.57,1000,849,CellMart
"APPLE iPhone 14 ((PRODUCT)RED, 128 GB)",APPLE,-,128,15.49,0,"71,999",CellMart
"realme C21 (Cross Black, 64 GB)",realme,4,64,16.51,5000,"10,499",CellMart
"SAMSUNG GALAXY M13 (Aqua Green, 64 GB)",SAMSUNG,4,64,16.76,6000,"11,099",CellMart
"Infinix Hot 20 5G (Racing Black, 128 GB)",Infinix,6,128,16.76,5000,"12,999",CellMart
"realme C21 (Cross Blue, 32 GB)",realme,3,32,16.51,5000,"9,499",CellMart
LAVA A3 Power,LAVA,0,0,4.5,2575,"1,329",CellMart
"OPPO K10 (Blue Flame, 128 GB)",OPPO,6,128,16.74,5000,"15,099",CellMart
LAVA A3,LAVA,4,3,4.5,1750,"1,249",CellMart
Nokia 150 DS 2020,Nokia,4,4,6.1,1020,"2,578",CellMart
"MOTOROLA e32 (Arctic Blue, 64 GB)",MOTOROLA,4,64,16.51,5000,"8,999",CellMart
"POCO M4 5G (Yellow, 128 GB)",POCO,6,128,16.71,5000,"13,999",CellMart
"REDMI 10 (Caribbean Green, 128 GB)",REDMI,6,128,17.02,6000,"11,999",CellMart
"REDMI Note 12 Pro 5G (Glacier Blue, 128 GB)",REDMI,6,128,16.94,5000,"24,999",CellMart
"Infinix Note 12 Pro 5G (Force Black, 128 GB)",Infinix,8,128,17.02,5000,"16,999",CellMart
itel it2163S,itel,4,4,4.57,7,989,CellMart
"Infinix Note 12 Pro 5G (Snowfall, 128 GB)",Infinix,8,128,17.02,5000,"16,999",CellMart
"MOTOROLA e13 (Cosmic Black, 64 GB)",MOTOROLA,2,64,16.51,5000,"6,999",CellMart
"MOTOROLA g31 (Meteorite Grey, 128 GB)",MOTOROLA,6,128,16.26,5000,"11,999",CellMart
itel IT5626,itel,8,8,7.11,2500,"1,749",CellMart
"Infinix Smart 6 (Heart Of Ocean, 64 GB)",Infinix,2,64,16.76,5000,"6,999",CellMart
"Infinix Smart 6 (Starry Purple, 64 GB)",Infinix,2,64,16.76,5000,"6,999",CellMart
"Infinix Smart 6 (Polar Black, 64 GB)",Infinix,2,64,16.76,5000,"6,999",CellMart
GREENBERRI VIRAT,GREENBERRI,64,64,4.57,1000,849,CellMart
SAMSUNG Guru Music 2,SAMSUNG,-,0,5.08,1,"2,069",CellMart
"OPPO F19 (Prism Black, 128 GB)",OPPO,6,128,16.33,5000,"14,990",CellMart
"APPLE iPhone 14 Plus (Purple, 128 GB)",APPLE,-,128,17.02,0,"80,999",CellMart
"OPPO A17 (Sunlight Orange, 64 GB)",OPPO,4,64,16.66,5000,"12,499",CellMart
"APPLE iPhone 14 Plus (Midnight, 128 GB)",APPLE,-,128,17.02,0,"80,999",CellMart
"APPLE iPhone 13 (Midnight, 128 GB)",APPLE,-,128,15.49,0,"62,999",CellMart
"Google Pixel 6a (Charcoal, 128 GB)",Google,6,128,15.6,4410,"30,299",CellMart
"Google Pixel 6a (Chalk, 128 GB)",Google,6,128,15.6,4410,"30,299",CellMart
"realme 10 (Rush Black, 64 GB)",realme,4,64,16.26,5000,"13,999",CellMart
"vivo T1 Pro 5G (Turbo Black, 128 GB)",vivo,6,128,16.36,4700,"23,999",CellMart
"REDMI 10 Prime (Bifrost Blue, 128 GB)",REDMI,6,128,16.51,6000,"14,990",CellMart
Micromax X512,Micromax,30,24,4.5,1750,"1,098",CellMart
"MOTOROLA Edge 30 (Meteor Grey, 128 GB)",MOTOROLA,8,128,16.64,4020,"25,199",CellMart
"vivo Y15s (Mystic Blue, 32 GB)",vivo,3,32,16.54,5000,"9,499",CellMart
itel it2163S,itel,4,4,4.57,7,989,CellMart
Nokia 150 DS 2020,Nokia,4,4,6.1,1020,"2,577",CellMart
"Infinix HOT 20 5G (Racing Black, 64 GB)",Infinix,4,64,16.76,5000,"10,999",CellMart
"realme 10 Pro+ 5G (Hyperspace, 128 GB)",realme,8,128,17.02,5000,"25,999",CellMart
itel IT5626,itel,8,8,7.11,2500,"1,749",CellMart
"vivo T1 Pro 5G (Turbo Cyan, 128 GB)",vivo,6,128,16.36,4700,"23,999",CellMart
"realme 10 Pro+ 5G (Hyperspace, 128 GB)",realme,6,128,17.02,5000,"24,999",CellMart
Kechaoda K115,Kechaoda,32,32,3.66,850,"1,149",CellMart
GREENBERRI VIRAT,GREENBERRI,64,64,4.57,1000,849,CellMart
"MOTOROLA e13 (Creamy White, 64 GB)",MOTOROLA,2,64,16.51,5000,"6,999",CellMart
"realme 9i 5G (Metallica Gold, 128 GB)",realme,6,128,16.76,5000,"16,999",CellMart
Micromax S115,Micromax,32,32,4.5,1,928,CellMart
"REDMI 9 Activ (Carbon Black, 64 GB)",REDMI,4,64,16.59,5000,"9,083",CellMart
"POCO M4 Pro (Yellow, 128 GB)",POCO,8,128,16.33,5000,"14,999",CellMart
"OPPO K10 (Black Carbon, 128 GB)",OPPO,6,128,16.74,5000,"15,099",CellMart
"realme C11 2021 (Cool Blue, 64 GB)",realme,4,64,16.51,5000,"8,999",CellMart
"APPLE iPhone 14 (Midnight, 256 GB)",APPLE,-,256,15.49,0,"81,999",CellMart
"Nothing Phone (1) (White, 256 GB)",Nothing,12,256,16.64,4500,"35,999",CellMart
"MOTOROLA edge 30 (Meteor Grey, 128 GB)",MOTOROLA,6,128,16.64,4020,"23,199",CellMart
Motorola a10,Motorola,0,0,4.57,2,"1,449",CellMart
LAVA A1 2021,LAVA,32,24,4.5,800,"1,129",CellMart
Kechaoda K115,Kechaoda,32,32,3.66,850,"1,190",CellMart
"realme C11 2021 (Cool Grey, 64 GB)",realme,4,64,16.51,5000,"8,999",CellMart
itel it2163S,itel,4,4,4.57,7,989,CellMart
itel MagicX Pro,itel,64,128,6.1,2500,"2,599",CellMart
LAVA A3,LAVA,0,0,4.5,1750,"1,315",CellMart
"SAMSUNG Galaxy M32 Prime Edition (Light Blue, 64 GB)",SAMSUNG,4,64,16.26,6000,"12,587",CellMart
itel IT5626,itel,8,8,7.11,2500,"1,749",CellMart
Motorola a10,Motorola,0,0,4.57,2,"1,449",CellMart
"POCO M4 Pro (Yellow, 128 GB)",POCO,6,128,16.33,5000,"13,499",CellMart
"REDMI Note 12 Pro 5G (Onyx Black, 128 GB)",REDMI,6,128,16.94,5000,"24,999",CellMart
GREENBERRI VIRAT,GREENBERRI,64,64,4.57,1000,849,CellMart
"REDMI 10A (Slate Grey, 32 GB)",REDMI,3,32,16.59,5000,"7,699",CellMart
"POCO X5 Pro 5G (Astral Black, 128 GB)",POCO,6,128,16.94,5000,"22,999",CellMart
"MOTOROLA e13 (Aurora Green, 64 GB)",MOTOROLA,2,64,16.51,5000,"6,999",CellMart
"SAMSUNG Galaxy F23 5G (Copper Blush, 128 GB)",SAMSUNG,4,128,16.76,5000,"14,999",CellMart
"Infinix Smart 6 Plus (Tranquil Sea Blue, 64 GB)",Infinix,3,64,17.32,5000,"8,299",CellMart
Nokia 105SS PLUS,Nokia,32,32,4.5,1000,"1,390",CellMart
"SAMSUNG Galaxy M33 5G (Deep Ocean Blue, 128 GB)",SAMSUNG,8,128,16.76,6000,"18,842",CellMart
"SAMSUNG Galaxy M33 5G (Mystique Green, 128 GB)",SAMSUNG,8,128,16.76,6000,"18,942",CellMart
"POCO M5 (Icy Blue, 64 GB)",POCO,4,64,16.71,5000,"10,999",CellMart
"vivo Y16 (Steller Black, 64 GB)",vivo,3,64,16.54,5000,"10,999",CellMart
"POCO X4 Pro 5G (Laser Blue, 64 GB)",POCO,6,64,16.94,5000,"15,999",CellMart
"APPLE iPhone 14 (Starlight, 256 GB)",APPLE,-,256,15.49,0,"81,999",CellMart
"vivo Y16 (Drizzling Gold, 64 GB)",vivo,3,64,16.54,5000,"11,328",CellMart
"vivo Y21 (Diamond Glow, 64 GB)",vivo,4,64,16.54,5000,"12,680",CellMart
itel it2163S,itel,4,4,4.57,7,989,CellMart
Nokia TA-1010/105,Nokia,4,4,4.5,0,"1,359",CellMart
"vivo Y16 (Drizzling Gold, 64 GB)",vivo,4,64,16.54,5000,"12,499",CellMart
"vivo Y15s (Wave Green, 32 GB)",vivo,3,32,16.54,5000,"9,499",CellMart
itel IT5626,itel,8,8,7.11,2500,"1,749",CellMart
"Infinix Hot 12 Pro (Racing Black, 64 GB)",Infinix,6,64,16.76,5000,"9,799",CellMart
"SAMSUNG Galaxy S20 FE 5G (Cloud Navy, 128 GB)",SAMSUNG,8,128,16.51,4500,"31,175",CellMart
"Realme C30 - Locked with Airtel Prepaid (Bamboo Green, 32 GB)",Realme,2,32,16.51,5000,"5,549",CellMart
GREENBERRI VIRAT,GREENBERRI,64,64,4.57,1000,849,CellMart
"APPLE iPhone 14 (Blue, 256 GB)",APPLE,-,256,15.49,0,"81,999",CellMart
"Infinix Zero 20 (Glitter Gold, 128 GB)",Infinix,8,128,17.02,4500,"15,999",CellMart
"Infinix Hot 12 Pro (Electric Blue, 128 GB)",Infinix,8,128,16.76,5000,"12,299",CellMart
itel MagicX Pro,itel,64,128,6.1,2500,"2,599",CellMart
"realme 10 (Clash White, 128 GB)",realme,8,128,16.26,5000,"16,999",CellMart
"REDMI Note 11S (Horizon Blue, 128 GB)",REDMI,8,128,16.33,5000,"16,395",CellMart
"Infinix Hot 12 Pro (Halo White, 64 GB)",Infinix,6,64,16.76,5000,"9,799",CellMart
"Infinix Hot 12 Pro (Halo White, 128 GB)",Infinix,8,128,16.76,5000,"12,299",CellMart
Micromax X416,Micromax,32,32,4.5,1000,980,CellMart
"Infinix Note 12 (Jewel Blue, 64 GB)",Infinix,4,64,17.02,5000,"11,299",CellMart
"Infinix Note 12 (Force Black, 64 GB)",Infinix,4,64,17.02,5000,"11,299",CellMart
"OPPO A77s (Starry Black, 128 GB)",OPPO,8,128,16.66,5000,"17,999",CellMart
itel Magic3 Smart Touch Keypad,itel,8,8,7.11,1500,"1,499",CellMart
"REDMI Note 10 Pro (Vintage Bronze, 128 GB)",REDMI,6,128,16.94,5020,"17,999",CellMart
itel it2163S,itel,4,4,4.57,7,989,CellMart
"APPLE iPhone 14 (Purple, 256 GB)",APPLE,-,256,15.49,0,"81,999",CellMart
"REDMI 11 Prime 5G (Thunder Black, 128 GB)",REDMI,6,128,16.71,5000,"16,985",CellMart
"REDMI 11 Prime 5G (Meadow Green, 128 GB)",REDMI,6,128,16.71,5000,"17,999",CellMart
itel IT5626,itel,8,8,7.11,2500,"1,749",CellMart
"REDMI A1+ (Light Green, 32 GB)",REDMI,3,32,16.56,5000,"8,499",CellMart
"OPPO F21 Pro (Sunset Orange, 128 GB)",OPPO,8,128,16.33,4500,"20,999",CellMart
"SAMSUNG Galaxy A03 (Blue, 32 GB)",SAMSUNG,3,32,16.51,5000,"8,463",CellMart
GREENBERRI VIRAT,GREENBERRI,64,64,4.57,1000,849,CellMart
"OnePlus Nord CE 2 Lite 5G (Blue Tide, 128 GB)",OnePlus,6,128,16.74,5000,"19,985",CellMart
"realme GT 2 (Steel Black, 128 GB)",realme,8,128,16.81,5000,"26,999",CellMart
"realme Narzo 50i (Mint Green, 32 GB)",realme,2,32,16.51,5000,"6,921",CellMart
Nokia 105 ss,Nokia,4,4,4.57,1,"1,480",CellMart
"Infinix Smart 6 Plus (Miracle Black, 64 GB)",Infinix,3,64,17.32,5000,"8,299",CellMart
LAVA Flip,LAVA,32,32,6.1,1200,"1,911",CellMart
"realme GT 2 (Paper Green, 128 GB)",realme,8,128,16.81,5000,"26,999",CellMart
"itel Vision3 (Multi Green, 32 GB)",itel,2,32,16.76,5000,"5,849",CellMart
"vivo T1 5G (Silky White, 128 GB)",vivo,4,128,16.71,5000,"15,990",CellMart
Kechaoda K28,Kechaoda,32,64,6.1,1700,"1,330",CellMart
Micromax X412,Micromax,32,32,4.5,12,959,CellMart
itel Ace 2,itel,4,4,4.57,1000,899,CellMart
"Infinix HOT 12 Play (Racing Black, 64 GB)",Infinix,4,64,17.32,6000,"8,999",CellMart
"Infinix HOT 12 Play (Daylight Green, 64 GB)",Infinix,4,64,17.32,6000,"8,999",CellMart
itel it2163S,itel,4,4,4.57,7,989,CellMart
"realme Narzo 50A Prime (Flash Black, 64 GB)",realme,4,64,16.76,5000,"11,423",CellMart
Nokia 105 PLUS,Nokia,4,4,4.5,1000,"1,549",CellMart
"itel Vision3 (Jewel Blue, 32 GB)",itel,2,32,16.76,5000,"5,775",CellMart
itel IT5626,itel,8,8,7.11,2500,"1,749",CellMart
Nokia 105 PLUS,Nokia,4,4,4.5,1000,"1,549",CellMart
"Nothing Phone (1) (Black, 256 GB)",Nothing,8,256,16.64,4500,"28,999",CellMart
"MOTOROLA Edge 30 (Aurora Green, 128 GB)",MOTOROLA,8,128,16.64,4020,"25,199",CellMart
GREENBERRI VIRAT,GREENBERRI,64,64,4.57,1000,849,CellMart
"OPPO A77s (Sunset Orange, 128 GB)",OPPO,8,128,16.66,5000,"17,999",CellMart
Micromax X818,Micromax,32,32,7.11,1450,"1,510",CellMart
"vivo Y33T (Mirror Black, 128 GB)",vivo,8,128,16.71,5000,"16,749",CellMart
Kechaoda K28,Kechaoda,32,64,6.1,1700,"1,350",CellMart
itel Ace2 Star,itel,4,4,4.57,0,899,CellMart
"MOTOROLA e40 (Pink Clay, 64 GB)",MOTOROLA,4,64,16.51,5000,"8,999",CellMart
"I Kall 401 PRO DARK BLUE (Dark Blue, 64 GB)",I,4,64,15.9,4000,"6,499",CellMart
"SAMSUNG Galaxy M33 5G (Emarld Brown, 128 GB)",SAMSUNG,6,128,16.76,6000,"17,077",CellMart
"SAMSUNG Galaxy S21 FE 5G (Lavender, 128 GB)",SAMSUNG,8,128,16.26,4500,"39,999",CellMart
itel Ace2 Star,itel,4,4,4.57,0,899,CellMart
"realme Narzo 50 (Speed Black, 64 GB)",realme,4,64,16.76,5000,"11,639",CellMart
"REDMI 10A (Slate grey, 64 GB)",REDMI,4,64,16.59,5000,"8,595",CellMart
"realme Narzo 50i (Carbon Black, 32 GB)",realme,2,32,16.51,5000,"6,880",CellMart
"vivo Y75 (Dancing waves, 128 GB)",vivo,8,128,16.36,4050,"19,990",CellMart
itel it2163S,itel,4,4,4.57,7,989,CellMart
"vivo Y75 (Moonlight Shadow, 128 GB)",vivo,8,128,16.36,4050,"19,990",CellMart
itel Muzik 400,itel,4,4,6.1,3000,"1,615",CellMart
"SAMSUNG Galaxy A23 5G (Silver, 128 GB)",SAMSUNG,6,128,16.76,5000,"22,999",CellMart
itel IT5626,itel,8,8,7.11,2500,"1,749",CellMart
"OPPO F19 Pro+ 5G (Fluid Black, 128 GB)",OPPO,8,128,16.33,4310,"17,999",CellMart
"Tecno Spark 9T (Atlantic Blue, 64 GB)",Tecno,4,64,16.76,5000,"9,285",CellMart
LAVA A1 2021,LAVA,32,24,4.57,800,"1,279",CellMart
GREENBERRI VIRAT,GREENBERRI,64,64,4.57,1000,849,CellMart
"Nothing Phone (1) (Black, 128 GB)",Nothing,8,128,16.64,4500,"27,999",CellMart
"Nothing Phone (1) (White, 256 GB)",Nothing,8,256,16.64,4500,"29,499",CellMart
"Nothing Phone (1) (Black, 256 GB)",Nothing,12,256,16.64,4500,"35,999",CellMart
"vivo Y01 (Elegant Black, 32 GB)",vivo,2,32,16.54,5000,"7,999",CellMart
"OnePlus Nord CE 2 Lite 5G (Black Dusk, 128 GB)",OnePlus,6,128,16.74,5000,"19,979",CellMart
"SAMSUNG Galaxy A03 Core (Black, 32 GB)",SAMSUNG,2,32,16.51,5000,"6,724",CellMart
"realme GT 2 (Paper White, 128 GB)",realme,8,128,16.81,5000,"26,999",CellMart
"realme 9 Pro 5G (Aurora Green, 128 GB)",realme,8,128,16.76,5000,"20,999",CellMart
"SAMSUNG Galaxy A14 5G (Light Green, 64 GB)",SAMSUNG,4,64,16.76,5000,"16,499",CellMart
LAVA A1 2021,LAVA,0,0,4.5,800,"1,159",CellMart
"vivo Y16 (Steller Black, 32 GB)",vivo,3,32,16.54,5000,"9,999",CellMart
"vivo T1 Pro 5G (Turbo Black, 128 GB)",vivo,8,128,16.36,4700,"24,999",CellMart
itel Power 110,itel,4,4,4.57,2500,"1,325",CellMart
"Infinix Zero 20 (Green Fantasy, 128 GB)",Infinix,8,128,17.02,4500,"15,999",CellMart
itel it2163S,itel,4,4,4.57,7,989,CellMart
Micromax J22,Micromax,32,32,6.1,1,"1,245",CellMart
itel it2175,itel,4,4,4.57,1200,"1,099",CellMart
"realme C21 (Cross Black, 32 GB)",realme,3,32,16.51,5000,"9,499",CellMart
itel IT5626,itel,8,8,7.11,2500,"1,749",CellMart
Micromax X413,Micromax,32,32,4.5,800,972,CellMart
Nokia 125 TA-1253 DS,Nokia,4,4,6.1,0,"2,200",CellMart
"Infinix Note 12 Pro (Volcanic Grey, 256 GB)",Infinix,8,256,17.02,5000,"15,599",CellMart
GREENBERRI VIRAT,GREENBERRI,64,64,4.57,1000,849,CellMart
"SAMSUNG Galaxy A03 Core (Mint, 32 GB)",SAMSUNG,2,32,16.51,5000,"6,659",CellMart
LAVA Hero 600i,LAVA,4,3,4.57,1,948,CellMart
"APPLE iPhone 13 (Green, 128 GB)",APPLE,-,128,15.49,0,"63,999",CellMart
"vivo Y100 5G (Pacific Blue, 128 GB)",vivo,8,128,16.21,4500,"24,999",CellMart
"vivo Y100 5G (Twilight Gold, 128 GB)",vivo,8,128,16.21,4500,"24,999",CellMart
LAVA A1 2021,LAVA,32,24,4.5,800,"1,129",CellMart
"Tecno Spark 9T (Turquoise Cyan, 64 GB)",Tecno,4,64,16.76,5000,"8,999",CellMart
"SAMSUNG Galaxy M04 (Light Green, 64 GB)",SAMSUNG,4,64,16.51,5000,"9,239",CellMart
"MOTOROLA G60 (Moonless, 128 GB)",MOTOROLA,6,128,17.22,6000,"15,999",CellMart
"Infinix Note 12 (Jewel Blue, 128 GB)",Infinix,6,128,17.02,5000,"12,499",CellMart
"Micromax IN 2C (Brown, 32 GB)",Micromax,3,32,16.56,5000,"5,999",CellMart
"realme GT 2 (Steel Black, 256 GB)",realme,12,256,16.81,5000,"30,999",CellMart
"realme 9 (Meteor Black, 128 GB)",realme,8,128,16.26,5000,"17,999",CellMart
"realme 9 (Meteor Black, 128 GB)",realme,6,128,16.26,5000,"16,999",CellMart
itel it2163S,itel,4,4,4.57,7,989,CellMart
"Micromax IN 2C (Silver, 32 GB)",Micromax,3,32,16.56,5000,"5,999",CellMart
Kechaoda K115,Kechaoda,32,32,3.66,850,"1,170",CellMart
"Micromax IN Note 1 (White, 64 GB)",Micromax,4,64,16.94,5000,"11,499",CellMart
itel IT5626,itel,8,8,7.11,2500,"1,749",CellMart
"Tecno Camon 19 (Memphis Green, 128 GB)",Tecno,6,128,17.27,5000,"13,995",CellMart
"SAMSUNG Galaxy S23 5G (Green, 256 GB)",SAMSUNG,8,256,15.49,3900,"79,999",CellMart
Kechaoda K33,Kechaoda,32,32,3.56,800,"1,105",CellMart
GREENBERRI VIRAT,GREENBERRI,64,64,4.57,1000,849,CellMart
Kechaoda K33,Kechaoda,32,32,3.56,800,"1,199",CellMart
"OPPO A57 (Glowing Gold, 64 GB)",OPPO,4,64,16.66,5000,"13,999",CellMart
Nokia 110,Nokia,4,4,4.5,800,"1,699",CellMart
Kechaoda K115,Kechaoda,32,32,3.66,850,"1,144",CellMart
"OPPO F21s Pro 5G (Starlight Black, 128 GB)",OPPO,8,128,16.33,4500,"25,980",CellMart
"SAMSUNG Galaxy A23 5G (Orange, 128 GB)",SAMSUNG,6,128,16.76,5000,"22,999",CellMart
Kechaoda K66 The Music House 4,Kechaoda,32,64,4.57,400,"1,199",CellMart
Micromax X513+,Micromax,32,32,4.5,1750,"1,108",CellMart
"SAMSUNG Galaxy A14 5G (Dark Red, 128 GB)",SAMSUNG,6,128,16.76,5000,"18,999",CellMart
itel IT5626,itel,8,8,7.11,2500,"1,745",CellMart
Easyfone Shield,Easyfone,32,32,7.11,2500,"1,699",CellMart
"REDMI Note 12 Pro+ 5G (Arctic White, 256 GB)",REDMI,8,256,16.94,4980,"29,999",CellMart
"SAMSUNG Galaxy S21 FE 5G (Olive, 128 GB)",SAMSUNG,8,128,16.26,4500,"39,999",CellMart
Micromax X708,Micromax,32,32,6.1,1450,"1,349",CellMart
itel it2163S,itel,4,4,4.57,7,989,CellMart
"realme NARZO 50A PRIME (FLASH BLUE, 64 GB)",realme,4,64,16.76,5000,"11,634",Amazon
Nokia TA-1174 / TA-1299,Nokia,4,4,4.57,1,"1,590",Amazon
"POCO F4 5G (Night Black, 256 GB)",POCO,12,256,16.94,4500,"29,999",Amazon
itel IT5626,itel,8,8,7.11,2500,"1,749",Amazon
LAVA Flip,LAVA,56,56,6.1,1200,"1,869",Amazon
SAMSUNG GURU MUSIC 2,SAMSUNG,8,0,5.08,800,"1,995",Amazon
"REDMI Note 11 (Horizon Blue, 128 GB)",REDMI,6,128,16.33,5000,"14,485",Amazon
GREENBERRI VIRAT,GREENBERRI,64,64,4.57,1000,849,Amazon
LAVA Flip,LAVA,32,32,6.1,1200,"1,869",Amazon
itel It2171,itel,32,32,4.57,1000,949,Amazon
"SAMSUNG Galaxy A73 5G (Awesome Gray, 128 GB)",SAMSUNG,8,128,17.02,5000,"41,999",Amazon
itel Power 410,itel,4,4,6.1,2500,"1,499",Amazon
LAVA 34 Ultra,LAVA,24,32,6.1,2575,"1,649",Amazon
"POCO X4 Pro 5G (Yellow, 64 GB)",POCO,6,64,16.94,5000,"15,999",Amazon
"SAMSUNG Galaxy S21 FE 5G (Graphite, 128 GB)",SAMSUNG,8,128,16.26,4500,"39,999",Amazon
KARBONN Jumbo K9,KARBONN,-,0,6.6,1800,"1,314",Amazon
itel it2163S,itel,4,4,4.57,7,989,Amazon
"POCO X5 Pro 5G (Yellow, 128 GB)",POCO,6,128,16.94,5000,"22,999",Amazon
"MOTOROLA Edge 30 Pro (Cosmos Blue, 128 GB)",MOTOROLA,8,128,17.02,4800,"35,499",Amazon
"REDMI Note 11 (Horizon Blue, 64 GB)",REDMI,4,64,16.33,5000,"12,467",Amazon
Energizer M1,Energizer,32,32,4.5,600,749,Amazon
"Google Pixel 7 Pro (Hazel, 128 GB)",Google,12,128,17.02,4926,"80,999",Amazon
itel it2163S,itel,4,4,4.57,7,989,Amazon
SAMSUNG Guru 1200,SAMSUNG,153,153,3.81,0,"1,890",Amazon
"REDMI Note 12 5G (Matte Black, 128 GB)",REDMI,6,128,16.94,5000,"20,452",Amazon
"realme 8i (Space Purple, 64 GB)",realme,4,64,16.76,5000,"13,999",Amazon
itel IT5626,itel,8,8,7.11,2500,"1,749",Amazon
Nokia 105 SS 2021,Nokia,4,4,4.5,0,"1,449",Amazon
"realme 9 Pro 5G (Midnight Black, 128 GB)",realme,8,128,16.76,5000,"20,999",Amazon
"OPPO F21S PRO (Dawnlight Gold, 128 GB)",OPPO,8,128,16.33,4500,"21,890",Amazon
GREENBERRI VIRAT,GREENBERRI,64,64,4.57,1000,849,Amazon
Nokia 105 PLUS SS,Nokia,4,4,4.5,1,"1,397",Amazon
Kechaoda K33,Kechaoda,32,32,3.56,800,"1,119",Amazon
"realme 9 Pro 5G (Aurora Green, 128 GB)",realme,6,128,16.76,5000,"18,999",Amazon
"realme C20 (Cool Grey, 32 GB)",realme,2,32,16.51,5000,"7,499",Amazon
"vivo Y33s (Mirror Black, 128 GB)",vivo,8,128,16.71,5000,"15,239",Amazon
"realme 9 (Sunburst Gold, 128 GB)",realme,6,128,16.26,5000,"16,999",Amazon
"realme 9 (Stargaze White, 128 GB)",realme,6,128,16.26,5000,"16,999",Amazon
"realme 9 (Sunburst Gold, 128 GB)",realme,8,128,16.26,5000,"17,999",Amazon
"SAMSUNG Galaxy S23 5G (Cream, 256 GB)",SAMSUNG,8,256,15.49,3900,"79,999",Amazon
Nokia 5310 TA-1212 DS,Nokia,8,16,6.1,1200,"3,549",Amazon
"realme 9 Pro 5G (Midnight Black, 128 GB)",realme,6,128,16.76,5000,"18,999",Amazon
Micromax J2,Micromax,32,32,4.5,0,932,Amazon
SAMSUNG Guru Music 2,SAMSUNG,0,0,5.08,800,"1,995",Amazon
"Redmi 9A Sport (Coral Green, 32 GB)",Redmi,3,32,16.59,5000,"7,364",Amazon
itel it2163S,itel,4,4,4.57,7,989,Amazon
"SAMSUNG Galaxy A23 5G (Silver, 128 GB)",SAMSUNG,8,128,16.76,5000,"24,999",Amazon
itel ACE 2N,itel,4,4,4.57,12,880,Amazon
"itel Vision 3 (Deep Ocean Black, 64 GB)",itel,3,64,16.76,5000,"6,864",Amazon
itel IT5626,itel,8,8,7.11,2500,"1,749",Amazon
"realme 9i (Prism Blue, 64 GB)",realme,4,64,16.76,5000,"13,499",Amazon
"SAMSUNG Galaxy S21 FE 5G (White, 128 GB)",SAMSUNG,8,128,16.26,4500,"39,999",Amazon
Kechaoda K115,Kechaoda,32,32,3.66,850,"1,160",Amazon
GREENBERRI VIRAT,GREENBERRI,64,64,4.57,1000,849,Amazon
Kechaoda K115,Kechaoda,32,32,3.66,850,"1,180",Amazon
KARBONN KX3,KARBONN,31,32,4.57,800,999,Amazon
"vivo Y33s (Midday Dream, 128 GB)",vivo,8,128,16.71,5000,"18,990",Amazon
"Infinix Smart 5A (Midnight Black, 32 GB)",Infinix,2,32,16.56,5000,"7,199",Amazon
"APPLE iPhone 12 (Red, 128 GB)",APPLE,-,128,15.49,0,"56,999",Amazon
"Tecno Pova 3 (Tech Silver, 64 GB)",Tecno,4,64,17.53,7000,"11,490",Amazon
"Tecno Pova 3 (Eco Black, 128 GB)",Tecno,6,128,17.53,7000,"13,485",Amazon
"REDMI Note 11T 5G (Matte black, 128 GB)",REDMI,6,128,16.76,5000,"18,249",Amazon
"realme 9i (Prism Black, 128 GB)",realme,6,128,16.76,5000,"15,999",Amazon
KARBONN K9 Yuva,KARBONN,64,32,4.57,2502,"1,295",Amazon
"SAMSUNG Galaxy S23 5G (Phantom Black, 256 GB)",SAMSUNG,8,256,15.49,3900,"79,999",Amazon
"Infinix Note 12 (Force Black, 128 GB)",Infinix,6,128,17.02,5000,"12,499",Amazon
"realme 8i (Space Black, 128 GB)",realme,6,128,16.76,5000,"15,999",Amazon
"APPLE iPhone 13 (Pink, 128 GB)",APPLE,-,128,15.49,0,"62,999",Amazon
itel it2163S,itel,4,4,4.57,7,989,Amazon
"REDMI Note 10T 5G (Mint Green, 128 GB)",REDMI,6,128,16.66,5000,"14,999",Amazon
LAVA Hero 600i,LAVA,4,3,4.57,1,948,Amazon
"vivo Y21T (Midnight Blue, 128 GB)",vivo,4,128,16.71,5000,"15,499",Amazon
itel IT5626,itel,8,8,7.11,2500,"1,749",Amazon
itel Power 410,itel,4,4,6.1,2500,"1,499",Amazon
itel Magic3 Smart Touch Keypad,itel,8,8,7.11,1500,"1,499",Amazon
"SAMSUNG Galaxy A23 (Peach, 128 GB)",SAMSUNG,8,128,16.76,5000,"19,999",Amazon
GREENBERRI VIRAT,GREENBERRI,64,64,4.57,1000,849,Amazon
KARBONN KX3,KARBONN,32,32,4.57,800,985,Amazon
"MOTOROLA Edge 30 Fusion (Cosmic grey, 128 GB)",MOTOROLA,8,128,16.64,4400,"39,999",Amazon
itel Power 410,itel,4,4,6.1,2500,"1,499",Amazon
"Tecno Camon 19 (Sea Salt White, 128 GB)",Tecno,6,128,17.27,5000,"13,989",Amazon
"SAMSUNG Galaxy S23 5G (LIGHT PINK, 256 GB)",SAMSUNG,8,256,15.49,3900,"79,999",Amazon
"REDMI Note 12 Pro 5G (Onyx Black, 128 GB)",REDMI,8,128,16.94,5000,"26,999",Amazon
"REDMI Note 11 (Starburst White, 64 GB)",REDMI,6,64,16.33,5000,"12,650",Amazon
"realme 9i (Prism Blue, 128 GB)",realme,4,128,16.76,5000,"14,999",Amazon
"vivo Y21G (Diamond Glow, 64 GB)",vivo,4,64,16.54,5000,"13,499",Amazon
Motorola a70,Motorola,0,0,6.1,2,"1,929",Amazon
"MOTOROLA e22s (Eco Black, 64 GB)",MOTOROLA,4,64,16.51,5000,"10,999",Amazon
"IQOO Neo 6 5G (Cyber Rage, 256 GB)",IQOO,12,256,16.81,4700,"34,280",Amazon
ANGAGE ELITE,ANGAGE,64,64,4.5,2500,879,Amazon
Micromax X415,Micromax,56,36,4.5,1000,"1,040",Amazon
itel it2163S,itel,4,4,4.57,7,989,Amazon
"realme 9 5G SE (Starry Glow, 128 GB)",realme,8,128,16.76,5000,"22,999",Amazon
"Infinix Smart 5A (Quetzal Cyan, 32 GB)",Infinix,2,32,16.56,5000,"7,199",Amazon
LAVA A5,LAVA,32,24,6.1,1000,"1,419",Amazon
itel IT5626,itel,8,8,7.11,2500,"1,749",Amazon
"realme 9i (Prism Black, 128 GB)",realme,4,128,16.76,5000,"14,999",Amazon
"IQOO Z6 44W (Ravan Black, 128 GB)",IQOO,6,128,16.36,5000,"16,249",Amazon
"realme 9 Pro+ 5G (Midnight Black, 128 GB)",realme,6,128,16.26,4500,"24,999",Amazon
GREENBERRI VIRAT,GREENBERRI,64,64,4.57,1000,849,Amazon
"itel A49 (Crystal Purple, 32 GB)",itel,2,32,16.76,4000,"5,699",Amazon
KARBONN K110i,KARBONN,-,0,4.57,1,949,Amazon
"realme C21Y (Cross Black, 32 GB)",realme,3,32,16.51,5000,"9,499",Amazon
"itel A49 (Sky Cyan, 32 GB)",itel,2,32,16.76,4000,"5,699",Amazon
Kechaoda K33,Kechaoda,32,32,3.56,800,"1,124",Amazon
Nokia 105 PLUS,Nokia,4,4,4.5,1000,"1,399",Amazon
"SAMSUNG Galaxy A13 (Blue, 128 GB)",SAMSUNG,4,128,16.76,5000,"14,999",Amazon
"APPLE iPhone 14 Pro (Space Black, 128 GB)",APPLE,-,128,15.49,0,"1,22,999",Amazon
"SAMSUNG Galaxy A13 (Blue, 128 GB)",SAMSUNG,6,128,16.76,5000,"16,499",Amazon
Nokia 105 PLUS,Nokia,4,4,4.5,1000,"1,399",Amazon
Micromax J2,Micromax,32,32,4.5,0,968,Amazon
"itel Vision 3 (Multi Green, 64 GB)",itel,3,64,16.76,5000,"6,911",Amazon
"Google Pixel 7 (Obsidian, 128 GB)",Google,8,128,16,4270,"56,999",Amazon
"Google Pixel 7 (Lemongrass, 128 GB)",Google,8,128,16,4270,"56,999",Amazon
itel it2163S,itel,4,4,4.57,7,989,Amazon
"SAMSUNG Galaxy A23 (Peach, 128 GB)",SAMSUNG,6,128,16.76,5000,"18,499",Amazon
"IQOO Neo 6 5G (Cyber Rage, 128 GB)",IQOO,8,128,16.81,4700,"30,200",Amazon
"vivo Y01A (Sapphire Blue, 32 GB)",vivo,2,32,16.54,5000,"8,250",Amazon
itel IT5626,itel,8,8,7.11,2500,"1,749",Amazon
Nokia 5310ds,Nokia,8,16,6.1,1200,"3,549",Amazon
"realme 9 5G (Stargaze White, 64 GB)",realme,4,64,16.51,5000,"15,999",Amazon
"POCO M5 (Icy Blue, 128 GB)",POCO,6,128,16.71,5000,"12,999",Amazon
GREENBERRI VIRAT,GREENBERRI,64,64,4.57,1000,849,Amazon
"Google Pixel 7 Pro (Snow, 128 GB)",Google,12,128,17.02,4926,"80,999",Amazon
Motorola a70,Motorola,4,4,6.1,2,"1,929",Amazon
"Redmi 9A Sport (Carbon Black, 32 GB)",Redmi,2,32,16.59,5000,"7,289",Amazon
"Redmi 9A Sport (Coral Green, 32 GB)",Redmi,2,32,16.59,5000,"6,975",Amazon
"Redmi 9A Sport (Carbon Black, 32 GB)",Redmi,3,32,16.59,5000,"7,323",Amazon
"OPPO F19s (Glowing Gold, 128 GB)",OPPO,6,128,16.33,5000,"19,999",Amazon
Nokia 125 DS 2020,Nokia,4,4,6.1,0,"2,345",Amazon
"Xiaomi 11i Hypercharge 5G (Stealth Black, 128 GB)",Xiaomi,6,128,16.94,4500,"24,999",Amazon
"Google Pixel 7 Pro (Obsidian, 128 GB)",Google,12,128,17.02,4926,"80,999",Amazon
"APPLE iPhone 14 Plus (Starlight, 256 GB)",APPLE,-,256,17.02,0,"90,999",Amazon
"POCO X3 (Cobalt Blue, 64 GB)",POCO,6,64,16.94,6000,"19,999",Amazon
"MOTOROLA Edge 30 Fusion (Solar Gold, 128 GB)",MOTOROLA,8,128,16.64,4400,"39,999",Amazon
"APPLE iPhone 14 Plus (Starlight, 256 GB)",APPLE,-,256,17.02,0,"90,999",Amazon
"MOTOROLA Edge 30 Fusion (Solar Gold, 128 GB)",MOTOROLA,8,128,16.64,4400,"39,999",Amazon
itel it2163S,itel,4,4,4.57,7,989,Amazon
itel MagicX Play,itel,48,128,4.57,1900,"2,149",Amazon
"Redmi Note 11 PRO Plus 5G (Stealth Black, 128 GB)",Redmi,6,128,16.94,5000,"21,900",Amazon
"POCO M4 Pro 5G (Power Black, 128 GB)",POCO,6,128,16.76,5000,"16,999",Amazon
itel IT5626,itel,8,8,7.11,2500,"1,749",Amazon
"REDMI Note 11 Pro (Stealth Black, 128 GB)",REDMI,6,128,16.94,5000,"17,990",Amazon
"Nokia C21 Plus (Warm Grey, 64 GB)",Nokia,4,64,16.69,5050,"10,499",Amazon
"realme 9 5G SE (Starry Glow, 128 GB)",realme,6,128,16.76,5000,"19,999",Amazon
GREENBERRI VIRAT,GREENBERRI,64,64,4.57,1000,849,Amazon
"realme 9 5G SE (Azure Glow, 128 GB)",realme,6,128,16.76,5000,"19,999",Amazon
Micromax S115,Micromax,32,32,4.5,1,967,Amazon
Micromax S115,Micromax,32,32,4.5,1,989,Amazon
"realme 9 5G (Supersonic Black, 64 GB)",realme,4,64,16.51,5000,"15,999",Amazon
Nokia 5710 XA DS,Nokia,0.046875,0.125,6.1,1450,"4,999",Amazon
LAVA A1 Super 2021,LAVA,32,24,4.5,800,"1,199",Amazon
"SAMSUNG Galaxy A52 (Awesome Blue, 128 GB)",SAMSUNG,6,128,16.51,4500,"25,990",Amazon
"itel A49 (Dome Blue, 32 GB)",itel,2,32,16.76,4000,"5,665",Amazon
"OPPO Reno8 5G (Shimmer Black, 128 GB)",OPPO,8,128,16.33,4500,"29,999",Amazon
"OPPO Reno8 5G (Shimmer Gold, 128 GB)",OPPO,8,128,16.33,4500,"29,999",Amazon
"POCO M5 (Yellow, 64 GB)",POCO,4,64,16.71,5000,"10,999",Amazon
"SAMSUNG Galaxy M32 Prime Edition (Light Blue, 64 GB)",SAMSUNG,4,64,16.26,6000,"11,570",Amazon
"SAMSUNG Galaxy M32 Prime Edition (Black, 64 GB)",SAMSUNG,4,64,16.26,6000,"12,722",Amazon
KARBONN K110i,KARBONN,0,0,4.57,1,949,Amazon
itel it2163S,itel,4,4,4.57,7,989,Amazon
"APPLE iPhone 12 (Purple, 64 GB)",APPLE,-,64,15.49,0,"53,999",Amazon
"itel Vision3 (Deep Ocean Black, 32 GB)",itel,2,32,16.76,5000,"5,848",Amazon
MTR Ferrari,MTR,64,64,4.5,800,"1,300",Amazon
itel IT5626,itel,8,8,7.11,2500,"1,749",Amazon
MU M5000,MU,32,32,7.11,2500,"1,179",Amazon
"SAMSUNG GALAXY M13 5G (Aqua Green, 64 GB)",SAMSUNG,4,64,16.51,5000,"12,688",Amazon
"realme GT Neo 3T (Dash Yellow, 256 GB)",realme,8,256,16.81,5000,"28,499",Amazon
GREENBERRI VIRAT,GREENBERRI,64,64,4.57,1000,849,Amazon
"realme GT Neo 3T (Shade Black, 128 GB)",realme,6,128,16.81,5000,"24,999",Amazon
"realme GT Neo 3T (Drifting White, 256 GB)",realme,8,256,16.81,5000,"28,499",Amazon
"realme 9 5G (Supersonic Blue, 64 GB)",realme,4,64,16.51,5000,"15,999",Amazon
"realme 9 5G (Meteor Black, 64 GB)",realme,4,64,16.51,5000,"15,999",Amazon
Kechaoda A26,Kechaoda,32,32,1.68,1,"1,120",Amazon
"REDMI Note 10S (Frost White, 128 GB)",REDMI,8,128,16.33,5000,"16,499",Amazon
"SAMSUNG Galaxy A13 (Black, 128 GB)",SAMSUNG,6,128,16.76,5000,"16,499",Amazon
"vivo Y33T (Starry Gold, 128 GB)",vivo,8,128,16.71,5000,"16,790",Amazon
"realme GT Neo 3T (Shade Black, 128 GB)",realme,8,128,16.81,5000,"26,499",Amazon
"realme GT Neo 3T (Dash Yellow, 128 GB)",realme,6,128,16.81,5000,"24,999",Amazon
"realme GT Neo 3T (Drifting White, 128 GB)",realme,6,128,16.81,5000,"24,999",Amazon
"realme GT Neo 3T (Shade Black, 256 GB)",realme,8,256,16.81,5000,"28,499",Amazon
"POCO M5 (Power Black, 64 GB)",POCO,4,64,16.71,5000,"10,999",Amazon
"MOTOROLA G40 Fusion (Frosted Champagne, 64 GB)",MOTOROLA,4,64,17.22,6000,"14,499",Amazon
itel it2163S,itel,4,4,4.57,7,989,Amazon
"vivo Y21T (Pearl White, 128 GB)",vivo,4,128,16.71,5000,"15,499",Amazon
Kechaoda A27,Kechaoda,32,32,1.68,1,"1,120",Amazon
MarQ by Flipkart M70 Shakti,MarQ,32,32,6.1,3000,"1,599",Amazon
itel IT5626,itel,8,8,7.11,2500,"1,749",Amazon
"realme 9 5G SE (Azure Glow, 128 GB)",realme,8,128,16.76,5000,"22,999",Amazon
"REDMI A1+ (Light Blue, 32 GB)",REDMI,2,32,16.56,5000,"7,499",Amazon
Nokia 110 TA-1302 DS,Nokia,4,4,4.5,800,"1,697",Amazon
GREENBERRI VIRAT,GREENBERRI,64,64,4.57,1000,849,Amazon
"MOTOROLA G40 Fusion (Frosted Champagne, 128 GB)",MOTOROLA,6,128,17.22,6000,"16,499",Amazon
"APPLE iPhone 12 (Black, 64 GB)",APPLE,-,64,15.49,0,"53,999",Amazon
"OPPO A16 (Crystal Black, 64 GB)",OPPO,4,64,16.56,5000,"12,990",Amazon
Micromax X740,Micromax,128,32,6.1,1800,"1,319",Amazon
"itel A27 (Deep Gray, 32 GB)",itel,2,32,13.84,4000,"5,299",Amazon
Kechaoda K33,Kechaoda,32,32,3.56,800,"1,160",Amazon
GREENBERRI RAFALE,GREENBERRI,32,32,4.57,1000,899,Amazon
"POCO M2 Pro (Green and Greener, 128 GB)",POCO,6,128,16.94,5000,"19,999",Amazon
"realme 9 Pro+ 5G (Midnight Black, 128 GB)",realme,8,128,16.26,4500,"26,999",Amazon
"REDMI 10A SPORT (SLATE GREY, 128 GB)",REDMI,6,128,16.59,5000,"10,770",Amazon
"realme 9 Pro+ 5G (Aurora Green, 128 GB)",realme,6,128,16.26,4500,"24,999",Amazon
"APPLE iPhone 11 (Red, 128 GB)",APPLE,-,128,15.49,0,"46,999",Amazon
"realme 9 5G (Supersonic Black, 128 GB)",realme,6,128,16.51,5000,"17,499",Amazon
"REDMI 9 Activ (Carbon Black, 64 GB)",REDMI,4,64,16.59,5000,"9,147",Amazon
itel it2163S,itel,4,4,4.57,7,989,Amazon
Nokia 110 DS,Nokia,4,32,4.5,800,"1,720",Amazon
"I Kall King Talking, Contact icon and Auto Call Recording",I,32,32,4.57,1500,774,Amazon
LAVA Hero 600i,LAVA,4,3,4.57,1,939,Amazon
itel IT5626,itel,8,8,7.11,2500,"1,749",Amazon
"MOTOROLA Edge 30 Ultra (Interstellar Black, 256 GB)",MOTOROLA,12,256,16.94,4610,"59,999",Amazon
"itel A23S (Sky Cyan, 32 GB)",itel,2,32,12.7,3020,"4,699",Amazon
"Infinix Hot 11 (Silver Wave, 64 GB)",Infinix,4,64,16.76,5200,"9,999",Amazon
GREENBERRI VIRAT,GREENBERRI,64,64,4.57,1000,849,Amazon
"Infinix Hot 11 (Emerald Green, 64 GB)",Infinix,4,64,16.76,5200,"9,999",Amazon
Micromax X809,Micromax,32,32,7.11,1000,"1,389",Amazon
Nokia TA-1304/105 SS,Nokia,4,4,4.5,1,"1,448",Amazon
"Tecno Spark 8C (Diamond Grey, 64 GB)",Tecno,4,64,16.76,5000,"8,888",Amazon
itel Power200,itel,32,32,4.57,2500,"1,376",Amazon
"POCO M5 (Yellow, 128 GB)",POCO,6,128,16.71,5000,"12,999",Amazon
"SAMSUNG Galaxy A03 (Black, 32 GB)",SAMSUNG,3,32,16.51,5000,"8,250",Amazon
"APPLE iPhone 13 (Blue, 256 GB)",APPLE,-,256,15.49,0,"72,999",Amazon
"REDMI Note 12 Pro+ 5G (Iceberg Blue, 256 GB)",REDMI,12,256,16.94,4980,"32,999",Amazon
"Tecno Spark Go 2022 (Atlantic Blue, 32 GB)",Tecno,2,32,16.66,5000,"6,865",Amazon
"realme Narzo 30 (Racing Blue, 128 GB)",realme,6,128,16.51,5000,"15,499",Amazon
"SAMSUNG Galaxy A04e (Light Blue, 128 GB)",SAMSUNG,4,128,16.51,5000,"11,499",Amazon
LAVA A7 Star,LAVA,24,32,6.1,1800,"1,527",Amazon
"Tecno Spark 8 Pro (Turquoise Cyan, 64 GB)",Tecno,4,64,17.27,5000,"9,840",Amazon
itel it2163S,itel,4,4,4.57,7,989,Amazon
LAVA A3 Power,LAVA,32,24,4.5,2575,"1,497",Amazon
"REDMI Note 9 (Pebble Grey, 128 GB)",REDMI,6,128,16.59,5020,"14,999",Amazon
"APPLE iPhone 14 ((PRODUCT)RED, 256 GB)",APPLE,-,256,15.49,0,"81,999",Amazon
itel IT5626,itel,8,8,7.11,2500,"1,749",Amazon
"realme C21Y (Cross Blue, 64 GB)",realme,4,64,16.51,5000,"10,499",Amazon
"SAMSUNG Galaxy A23 5G (Light Blue, 128 GB)",SAMSUNG,6,128,16.76,5000,"22,999",Amazon
"APPLE iPhone 14 Pro (Deep Purple, 128 GB)",APPLE,-,128,15.49,0,"1,22,999",Amazon
GREENBERRI VIRAT,GREENBERRI,64,64,4.57,1000,849,Amazon
"SAMSUNG Galaxy S22 5G (Bora Purple, 128 GB)",SAMSUNG,8,128,15.49,3700,"52,990",Amazon
"REDMI 11 Prime 5G (Thunder Black, 64 GB)",REDMI,4,64,16.71,5000,"13,601",Amazon
itel it5026,itel,4,4,6.1,1200,"1,305",Amazon
"SAMSUNG Galaxy A14 5G (Black, 128 GB)",SAMSUNG,8,128,16.76,5000,"20,999",Amazon
"POCO F4 5G (Night Black, 128 GB)",POCO,6,128,16.94,4500,"25,999",Amazon
I Kall k22 Plus,I,64,32,4.57,1000,869,Amazon
"realme C25_Y (Metal Grey, 64 GB)",realme,4,64,16.51,5000,"10,999",Amazon
"vivo Y22 (Metaverse Green, 128 GB)",vivo,6,128,16.64,5000,"16,499",Amazon
Kechaoda K9,Kechaoda,32,64,6.1,1700,"1,350",Amazon
"SAMSUNG Galaxy A03 Core (Onyx, 32 GB)",SAMSUNG,2,32,16.51,5000,"6,748",Amazon
Micromax X778,Micromax,32,32,6.1,2700,"1,379",Amazon
"Nokia C01 Plus (Blue, 16 GB)",Nokia,2,16,13.84,3000,"5,199",Amazon
"SAMSUNG Galaxy F22 (Denim Blue, 64 GB)",SAMSUNG,4,64,16.26,6000,"11,499",Amazon
"SAMSUNG Galaxy Z Flip3 5G (Cream, 128 GB)",SAMSUNG,8,128,17.02,3300,"69,999",Amazon
itel it2163S,itel,4,4,4.57,7,989,Amazon
"realme 9i (Prism Blue, 128 GB)",realme,6,128,16.76,5000,"15,999",Amazon
"realme 8 (Cyber Black, 128 GB)",realme,4,128,16.26,5000,"15,999",Amazon
"realme 8 (Cyber Silver, 128 GB)",realme,6,128,16.26,5000,"16,999",Amazon
itel IT5626,itel,8,8,7.11,2500,"1,749",Amazon
MTR Ferrari,MTR,64,64,4.5,800,"1,300",Amazon
MTR Ferrari,MTR,64,64,4.5,800,"1,300",Amazon
"APPLE iPhone 13 (Midnight, 256 GB)",APPLE,-,256,15.49,0,"72,999",Amazon
GREENBERRI VIRAT,GREENBERRI,64,64,4.57,1000,849,Amazon
"Tecno Spark 8P (Turquoise Cyan, 64 GB)",Tecno,4,64,16.76,5000,"8,999",Amazon
Kechaoda K55 Pro,Kechaoda,32,64,4.57,400,"1,220",Amazon
"Tecno Pova 3 (Tech Silver, 128 GB)",Tecno,6,128,17.53,7000,"13,898",Amazon
I Kall K43,I,32,64,4.57,1000,889,Amazon
"LAVA Z2 (Flame Red, 32 GB)",LAVA,3,32,16.55,5000,"7,999",Amazon
"SAMSUNG Galaxy A13 (Peach, 128 GB)",SAMSUNG,6,128,16.76,5000,"16,499",Amazon
"realme Narzo 50i (Carbon Black, 64 GB)",realme,4,64,16.51,5000,"8,999",Amazon
"Tecno Pop 5 Pro (Ice Blue, 32 GB)",Tecno,3,32,16.56,6000,"7,099",Amazon
"SAMSUNG Galaxy A52 (Awesome Black, 128 GB)",SAMSUNG,6,128,16.51,4500,"25,490",Amazon
"Tecno Spark Go 2022 (ice silver, 32 GB)",Tecno,2,32,16.66,5000,"6,899",Amazon
"OPPO A57 (Glowing Black, 64 GB)",OPPO,4,64,16.66,5000,"13,999",Amazon
"realme 8 (Cyber Silver, 128 GB)",realme,8,128,16.26,5000,"17,999",Amazon
"Tecno Spark Go 2022 (Iris Purple, 32 GB)",Tecno,2,32,16.56,5000,"6,699",Amazon
Micromax X749,Micromax,32,32,6.1,1750,"1,367",Amazon
itel it2163S,itel,4,4,4.57,7,989,Amazon
"OPPO A15S (Fancy white, 128 GB)",OPPO,4,128,16.56,4230,"12,889",Amazon
Kechaoda A27,Kechaoda,32,32,1.68,1,"1,099",Amazon
"POCO F4 5G (Night Black, 128 GB)",POCO,8,128,16.94,4500,"27,999",Amazon
itel IT5626,itel,8,8,7.11,2500,"1,749",Amazon
Kechaoda A27,Kechaoda,32,32,1.68,1,"1,099",Amazon
Micromax J2,Micromax,32,32,4.5,0,975,Amazon
"IQOO Z6 44W (Lumina Blue, 128 GB)",IQOO,4,128,16.36,5000,"14,390",Amazon
GREENBERRI VIRAT,GREENBERRI,64,64,4.57,1000,849,Amazon
"MOTOROLA G30 (Dark Pearl, 64 GB)",MOTOROLA,4,64,16.54,5000,"10,999",Amazon
LAVA A1,LAVA,24,24,4.5,800,"1,189",Amazon
"OPPO A57 (Glowing Green, 64 GB)",OPPO,4,64,16.66,5000,"13,999",Amazon
"realme narzo 50 5G (Hyper Blue, 128 GB)",realme,6,128,16.76,5000,"16,990",Amazon
"REDMI Note 12 Pro+ 5G (Arctic White, 256 GB)",REDMI,12,256,16.94,4980,"32,999",Amazon
Nokia 2660 TA-1480 DS,Nokia,0.046875,0.125,7.11,1450,"4,699",Amazon
Kechaoda K66 The Music House 4,Kechaoda,32,64,4.57,400,"1,399",Amazon
KARBONN K9,KARBONN,-,6.6,0,1,"1,325",Amazon
"APPLE iPhone 13 ((PRODUCT)RED, 128 GB)",APPLE,-,128,15.49,0,"62,999",Amazon
"Tecno Spark 8 (Turquoise Cyan, 64 GB)",Tecno,4,64,16.66,5000,"8,899",Amazon
"SAMSUNG Galaxy A53 (Awesome Blue, 256 GB)",SAMSUNG,8,256,16.51,5000,"34,999",Amazon
"Micromax IN 2B (Blue, 64 GB)",Micromax,4,64,16.56,5000,"6,999",Amazon
"Redmi 9A (Midnight Black, 32 GB)",Redmi,2,32,16.59,5000,"7,789",Amazon
Kechaoda A26,Kechaoda,32,32,1.68,1,"1,085",Amazon
itel it2163S,itel,4,4,4.57,7,989,Amazon
"OPPO A76 (Glowing Black, 128 GB)",OPPO,6,128,16.66,5000,"17,499",Amazon
"vivo Y22 (Starlit Blue, 128 GB)",vivo,6,128,16.64,5000,"16,442",Amazon
Kechaoda K66 The Music House 4,Kechaoda,32,64,4.57,400,"1,220",Amazon
itel IT5626,itel,8,8,7.11,2500,"1,749",Amazon
Kechaoda K66 The Music House 4,Kechaoda,32,64,4.57,400,"1,200",Amazon
"vivo Y53s (Deep Sea Blue, 128 GB)",vivo,8,128,16.71,5000,"15,490",Amazon
"OnePlus 10R 5G (Sierra Black, 128 GB)",OnePlus,8,128,17.02,5000,"34,349",Amazon
GREENBERRI VIRAT,GREENBERRI,64,64,4.57,1000,849,Amazon
"SAMSUNG Galaxy S22 5G (Phantom Black, 256 GB)",SAMSUNG,8,256,15.49,3700,"57,890",Amazon
BlackZone ECO X,BlackZone,32,32,3.66,1000,"1,429",Amazon
BlackZone ECO X,BlackZone,32,32,3.66,1000,"1,449",Amazon
I Kall K52,I,32,64,4.57,1,839,Amazon
I Kall K20,I,32,32,4.57,2500,929,Amazon
"OnePlus 10R (Forest Green, 128 GB)",OnePlus,8,128,17.02,5000,"35,999",Amazon
GREENBERRI RAFALE,GREENBERRI,32,32,4.57,1000,899,Amazon
"Infinix Hot 11S (Silver Wave, 64 GB)",Infinix,4,64,17.22,5000,"10,999",Amazon
itel Ace 2,itel,4,4,4.57,1000,947,Amazon
"realme C25_Y (Glacier Blue, 64 GB)",realme,4,64,16.51,5000,"10,999",Amazon
"MOTOROLA G51 5G (Indigo Blue, 64 GB)",MOTOROLA,4,64,17.27,5000,"12,999",Amazon
"vivo Y33T (Mid day dream, 128 GB)",vivo,8,128,16.71,5000,"17,989",Amazon
"realme 9 Pro+ 5G (Midnight Black, 256 GB)",realme,8,256,16.26,4500,"28,999",Amazon
itel Ace 2N,itel,4,4,4.57,1000,889,Amazon
itel it2163S,itel,4,4,4.57,7,989,Amazon
"realme 8 5G (Supersonic Black, 128 GB)",realme,4,128,16.51,5000,"16,499",Amazon
"OPPO A16E (White, 32 GB)",OPPO,3,32,16.56,4230,"9,990",Amazon
"Mi 11 Lite (Tuscany Coral, 128 GB)",Mi,8,128,16.64,4250,"20,999",Amazon
itel IT5626,itel,8,8,7.11,2500,"1,749",Amazon
"APPLE iPhone 12 (Green, 64 GB)",APPLE,-,64,15.49,0,"53,999",Amazon
"realme Narzo 30 (Racing Blue, 64 GB)",realme,4,64,16.51,5000,"13,499",Amazon
itel Power 100 New,itel,4,4,4.57,2500,"1,335",Amazon
GREENBERRI VIRAT,GREENBERRI,64,64,4.57,1000,849,Amazon
KARBONN K9 max,KARBONN,64,64,6.6,2500,"1,590",Amazon
"SAMSUNG Galaxy Z Flip3 5G (Phantom Black, 128 GB)",SAMSUNG,8,128,17.02,3300,"69,999",Amazon
"SAMSUNG Galaxy S23 Plus 5G (Phantom Black, 256 GB)",SAMSUNG,8,256,16.76,4700,"94,999",Amazon
"SAMSUNG Galaxy F12 (Sky Blue, 128 GB)",SAMSUNG,4,128,16.55,6000,"11,499",Amazon
KARBONN K9 max,KARBONN,64,64,6.6,2500,"1,590",Amazon
"SAMSUNG Galaxy S20 FE 5G (Cloud Lavender, 128 GB)",SAMSUNG,8,128,16.51,4500,"31,989",Amazon
itel Power 430,itel,8,8,6.1,2500,"1,635",Amazon
"APPLE iPhone 13 (Starlight, 256 GB)",APPLE,-,256,15.49,0,"72,999",Amazon
GREENBERRI VIRAT,GREENBERRI,64,64,4.57,1000,849,Amazon
Kechaoda K55 Pro,Kechaoda,32,64,4.57,400,"1,399",Amazon
"LAVA Z2 Max (Stroked Blue, 32 GB)",LAVA,2,32,17.78,6000,"7,799",Amazon
"OnePlus 10 Pro 5G (Emerald Forest, 256 GB)",OnePlus,12,256,17.02,5000,"66,999",Amazon
"REDMI Note 10S (Deep Sea Blue, 128 GB)",REDMI,8,128,16.33,5000,"16,499",Amazon
itel Muzik 400,itel,4,4,6.1,3000,"1,789",Amazon
itel it2163S,itel,4,4,4.57,7,989,Amazon
LAVA 34 Super,LAVA,32,32,6.1,2500,"1,649",Amazon
"Redmi Go (Blue, 16 GB)",Redmi,1,16,12.7,3000,"5,049",Amazon
"vivo Y16 (Steller Black, 64 GB)",vivo,4,64,16.54,5000,"12,489",Amazon
itel IT5626,itel,8,8,7.11,2500,"1,749",Amazon
Micromax X702,Micromax,32,32,6.1,1000,"1,120",Amazon
Micromax X746,Micromax,32,32,6.1,3000,"1,450",Amazon
"REDMI Note 9 (Scarlet Red, 128 GB)",REDMI,4,128,16.59,5020,"13,499",Amazon
GREENBERRI VIRAT,GREENBERRI,64,64,4.57,1000,849,Amazon
MU M5000,MU,32,32,7.11,2500,"1,299",Amazon
"vivo V23e 5G (Sunshine Gold, 128 GB)",vivo,8,128,16.36,4050,"24,999",Amazon
PHILIPS Xenium E209,PHILIPS,32,32,6.1,1000,"1,295",Amazon
Micromax X512,Micromax,56,24,4.5,1750,"1,150",Amazon
Nokia 110 DS,Nokia,4,32,4.5,800,"1,666",Amazon
"IQOO Z6 Lite 5G (Without Charger) (Stellar Green, 64 GB)",IQOO,4,64,16.97,5000,"14,390",Amazon
KARBONN KU3i,KARBONN,52,32,4.57,1000,989,Amazon
MTR STAR,MTR,32,32,4.5,1100,749,Amazon
LAVA A5,LAVA,32,24,6.1,1000,"1,410",Amazon
DIZO Star 500,DIZO,32,32,7.11,1900,"1,870",Amazon
"Micromax Bharat 2 Plus (Champagne, 8 GB)",Micromax,1,8,10.16,1600,"3,599",Amazon
"OPPO A12 (Flowing Silver, 64 GB)",OPPO,4,64,15.8,4230,"10,990",Amazon
LAVA A5,LAVA,32,24,6.1,1000,"1,410",Amazon
"Nokia C01 Plus (Grey, 16 GB)",Nokia,2,16,13.84,3000,"5,199",Amazon
itel it2163S,itel,4,4,4.57,7,989,Amazon
"OPPO A12 (Flowing Silver, 64 GB)",OPPO,4,64,15.8,4230,"10,990",Amazon
Nokia 3310 DS 2020,Nokia,16,0,6.1,1200,"3,799",Amazon
"SAMSUNG Galaxy A73 5G (Awesome Mint, 128 GB)",SAMSUNG,8,128,17.02,5000,"41,999",Amazon
itel IT5626,itel,8,8,7.11,2500,"1,749",Amazon
Kechaoda K115,Kechaoda,32,32,3.66,850,"1,149",Amazon
Kechaoda K9,Kechaoda,32,64,6.1,1700,"1,350",Amazon
Kechaoda K9,Kechaoda,32,64,6.1,1700,"1,350",Amazon
GREENBERRI VIRAT,GREENBERRI,64,64,4.57,1000,849,Amazon
Cellecor A5,Cellecor,32,32,4.57,1000,"1,348",Amazon
Cellecor A5,Cellecor,32,32,4.57,1000,"1,348",Amazon
"Tecno Spark 8C (Turquoise Cyan, 64 GB)",Tecno,3,64,16.76,5000,"8,140",Amazon
"Tecno Spark 8C (Iris Purple, 64 GB)",Tecno,4,64,16.76,5000,"8,799",Amazon
"SAMSUNG Galaxy M04 (Light Green, 128 GB)",SAMSUNG,4,128,16.51,5000,"10,890",Amazon
"REDMI 10 Prime 2022 (Astral White, 64 GB)",REDMI,4,64,16.51,6000,"12,990",Amazon
Salora Coral,Salora,32,32,6.1,1800,899,Amazon
"Tecno Spark 8C (Magnet Black, 64 GB)",Tecno,3,64,16.76,5000,"8,199",Amazon
"APPLE iPhone 13 (Green, 256 GB)",APPLE,-,256,15.49,0,"73,999",Amazon
"OnePlus 10R (Sierra Black, 128 GB)",OnePlus,8,128,17.02,5000,"34,480",Amazon
"I Kall Z18 (Jude Green, 64 GB)",I,4,64,17.32,5000,"6,799",Amazon
BlackZone S18,BlackZone,32,32,6.1,3000,"1,258",Amazon
Nokia 110 Dual Sim 2022,Nokia,4,4,4.5,1000,"1,929",Amazon
"REDMI Note 9 (Shadow Black, 128 GB)",REDMI,6,128,16.59,5020,"14,999",Amazon
itel it2163S,itel,4,4,4.57,7,989,Amazon
"Xiaomi 11Lite NE (Diamond Dazzle, 128 GB)",Xiaomi,6,128,16.64,4250,"20,990",Amazon
BlackZone PORSCHE 911,BlackZone,64,64,3.66,800,"1,459",Amazon
Kechaoda K55 Pro,Kechaoda,32,64,4.57,400,"1,220",Amazon
itel IT5626,itel,8,8,7.11,2500,"1,749",Amazon
"Infinix Zero 5G 2023 (Submariner Black, 128 GB)",Infinix,8,128,17.22,5000,"17,999",Amazon
Salora Coral,Salora,32,32,6.1,1800,899,Amazon
"Micromax Bharat 2 Plus (Champagne, 8 GB)",Micromax,1,8,10.16,1600,"3,599",Amazon
GREENBERRI VIRAT,GREENBERRI,64,64,4.57,1000,849,Amazon
itel Ace 2N,itel,4,4,4.57,1000,889,Amazon
"SAMSUNG Galaxy A52 (Awesome Black, 128 GB)",SAMSUNG,8,128,16.51,4500,"26,999",Amazon
"OPPO A15s (Dynamic Black, 128 GB)",OPPO,4,128,16.56,4230,"14,490",Amazon
Micromax X746,Micromax,32,32,6.1,3000,"1,450",Amazon
Micromax X415,Micromax,32,32,4.5,1000,920,Amazon
"POCO M4 Pro (Power Black, 128 GB)",POCO,6,128,16.33,5000,"16,499",Amazon
itel Magic X,itel,48,128,6.1,1200,"2,295",Amazon
Nokia 105DS PLUS,Nokia,32,32,4.5,800,"1,548",Amazon
"REDMI A1+ (Light Green, 32 GB)",REDMI,2,32,16.56,5000,"7,499",Amazon
"REDMI Note 12 5G (Frosted Green, 128 GB)",REDMI,4,128,16.94,5000,"17,299",Amazon
"realme C25s (Watery Grey, 128 GB)",realme,4,128,16.51,6000,"11,999",Amazon
"POCO M4 Pro 5G (Power Black, 64 GB)",POCO,4,64,16.76,5000,"14,999",Amazon
"Redmi 9A (Nature Green, 32 GB)",Redmi,3,32,16.59,5000,"7,990",Amazon
Kechaoda K10,Kechaoda,32,32,1.68,1,"1,180",Amazon
itel it2163S,itel,4,4,4.57,7,989,Amazon
"OPPO A77 (Sky Blue, 64 GB)",OPPO,4,64,16.66,5000,"15,499",Amazon
"SAMSUNG Galaxy A04e (Copper, 128 GB)",SAMSUNG,4,128,16.51,5000,"11,499",Amazon
Kechaoda A26,Kechaoda,32,32,1.68,1,"1,110",Amazon
itel IT5626,itel,8,8,7.11,2500,"1,749",Amazon
"REDMI K50i (Phantom Blue, 256 GB)",REDMI,8,256,16.76,5080,"26,890",Amazon
SAREGAMA Carvaan Mobile Malayalam M11,SAREGAMA,32,2000,4.57,0,"1,990",Amazon
"IQOO 9T 5G (ALPHA, 128 GB)",IQOO,8,128,17.22,4700,"48,999",Amazon
GREENBERRI VIRAT,GREENBERRI,64,64,4.57,1000,849,Amazon
"MOTOROLA Edge 30 Pro (Stardust White, 128 GB)",MOTOROLA,8,128,17.02,4800,"35,499",Amazon
"vivo V23 5G (Stardust Black, 128 GB)",vivo,8,128,16.36,4200,"31,000",Amazon
"realme narzo 50 5G (Hyper Black, 64 GB)",realme,4,64,16.76,5000,"14,923",Amazon
"Infinix Note 12 TURBO (Snowfall, 128 GB)",Infinix,8,128,17.02,5000,"14,999",Amazon
"REDMI Note 10S (Shadow Black, 128 GB)",REDMI,8,128,16.33,5000,"16,499",Amazon
"Tecno Spark 8T (Atlantic Blue, 64 GB)",Tecno,4,64,16.76,5000,"9,490",Amazon
LAVA A7 2020,LAVA,24,32,6.1,1800,"1,579",Amazon
I Kall K3310,I,32,32,4.5,1000,744,Amazon
"REDMI 9 Activ (Metallic Purple, 128 GB)",REDMI,6,128,16.59,5000,"10,499",Amazon
Nokia 6310,Nokia,8,16,7.11,1150,"3,499",Amazon
"SAMSUNG Galaxy A13 (Peach, 64 GB)",SAMSUNG,4,64,16.76,5000,"14,499",Amazon
"SAMSUNG Galaxy S23 Plus 5G (Cream, 256 GB)",SAMSUNG,8,256,16.76,4700,"94,999",Amazon
"realme 8 5G (Supersonic Blue, 128 GB)",realme,4,128,16.51,5000,"16,499",Amazon
"vivo Y21G (Midnight Blue, 64 GB)",vivo,4,64,16.54,5000,"12,895",Amazon
itel it2163S,itel,4,4,4.57,7,989,Amazon
"Infinix Note 11s Free Fire Edition (Haze Green, 128 GB)",Infinix,8,128,17.65,5000,"15,999",Amazon
"Infinix Note 11s Free Fire Edition (Mithril Grey, 128 GB)",Infinix,8,128,17.65,5000,"15,999",Amazon
"MOTOROLA G60 (Dynamic Gray, 128 GB)",MOTOROLA,6,128,17.27,6000,"15,999",Amazon
itel IT5626,itel,8,8,7.11,2500,"1,749",Amazon
"APPLE iPhone 14 Pro Max (Deep Purple, 128 GB)",APPLE,-,128,17.02,0,"1,32,999",Amazon
"APPLE iPhone 11 (Purple, 64 GB)",APPLE,-,64,15.49,0,"42,999",Amazon
"Infinix Note 11s (Mithril Grey, 64 GB)",Infinix,6,64,17.65,5000,"13,999",Amazon
GREENBERRI VIRAT,GREENBERRI,64,64,4.57,1000,849,Amazon
SAMSUNG Guru Music 2,SAMSUNG,0.53,0,5.08,800,"1,995",Amazon
"realme 9 Pro+ 5G (Sunrise Blue, 256 GB)",realme,8,256,16.26,4500,"28,999",Amazon
"REDMI Note 12 Pro+ 5G (Obsidian Black, 256 GB)",REDMI,12,256,16.94,4980,"32,999",Amazon
"realme 9 Pro+ 5G (Sunrise Blue, 128 GB)",realme,8,128,16.26,4500,"26,999",Amazon
"realme 9 Pro+ 5G (Aurora Green, 128 GB)",realme,8,128,16.26,4500,"26,999",Amazon
LAVA Prime X,LAVA,32,32,4.57,800,"1,440",Amazon
"realme 9 Pro+ 5G (Aurora Green, 256 GB)",realme,8,256,16.26,4500,"28,999",Amazon
"REDMI Note 10S (Deep Sea Blue, 128 GB)",REDMI,6,128,16.33,5000,"16,499",Amazon
MU M370,MU,32,32,3.66,700,"1,249",Amazon
"REDMI Note 12 Pro+ 5G (Obsidian Black, 256 GB)",REDMI,8,256,16.94,4980,"29,999",Amazon
Cellecor R50,Cellecor,32,32,6.1,2750,"1,459",Amazon
"Infinix Hot 11S (Polar Black, 128 GB)",Infinix,4,128,17.22,5000,"11,999",Amazon
KARBONN K9 PUNCH,KARBONN,52,32,6.1,2500,"1,485",Amazon
"Itel Magic2 4G (WiFi, Hotspot Tethering)",Itel,64,128,6.1,1900,"2,899",Amazon
itel it2163S,itel,4,4,4.57,7,989,Amazon
"OPPO A16E (Midnight Black, 32 GB)",OPPO,3,32,16.56,4230,"9,990",Amazon
Kechaoda K10,Kechaoda,32,32,1.68,1,"1,075",Amazon
"REDMI Note 11 Pro (Star blue, 128 GB)",REDMI,6,128,16.94,5000,"18,300",Amazon
itel IT5626,itel,8,8,7.11,2500,"1,749",Amazon
Nokia 110 TA-1302 DS,Nokia,4,4,4.5,800,"1,699",Amazon
BlackZone RANGER,BlackZone,64,64,4.57,1,819,Amazon
"Infinix Hot 11S (Silver Wave, 128 GB)",Infinix,4,128,17.22,5000,"11,999",Amazon
GREENBERRI VIRAT,GREENBERRI,64,64,4.57,1000,849,Amazon
"Nokia C01 Plus (Grey, 32 GB)",Nokia,2,32,13.84,3000,"5,699",Amazon
"SAMSUNG Galaxy M04 (Dark Blue, 128 GB)",SAMSUNG,4,128,16.51,5000,"10,868",Amazon
Micromax X809,Micromax,32,32,7.11,1000,"1,399",Amazon
"Redmi Go (Black, 8 GB)",Redmi,1,8,12.7,3000,"5,799",Amazon
"OnePlus 10 Pro 5G (Volcanic Black, 128 GB)",OnePlus,8,128,17.02,5000,"56,999",Amazon
"Tecno Spark 8C (Diamond Grey, 64 GB)",Tecno,3,64,16.76,5000,"7,899",Amazon
"SAMSUNG Galaxy F42 5G (Matte Aqua, 128 GB)",SAMSUNG,8,128,16.76,5000,"22,999",Amazon
"Infinix Smart HD 2021 (Topaz Blue, 32 GB)",Infinix,2,32,15.49,5000,"6,499",Amazon
LAVA Hero Punch,LAVA,24,32,4.57,620,949,Amazon
"SAMSUNG Galaxy F22 (Denim Blue, 128 GB)",SAMSUNG,6,128,16.26,6000,"13,499",Amazon
"MarQ by Flipkart M3 Smart (M3) (Blue,32GB)( 2GB RAM)",MarQ,2,32,15.46,5000,"5,499",Amazon
"REDMI Note 10T 5G (Metallic Blue, 64 GB)",REDMI,4,64,16.66,5000,"12,999",Amazon
"IQOO Neo 6 5G (Cyber Rage, 128 GB)",IQOO,8,128,16.81,4700,"29,999",Amazon
"realme Narzo 30 Pro 5G (Blade Silver, 128 GB)",realme,8,128,16.51,5000,"19,999",Amazon
itel it2163S,itel,4,4,4.57,7,989,Amazon
KARBONN K9 Punch,KARBONN,52,32,6.1,2500,"1,485",Amazon
"APPLE iPhone 12 mini (Red, 256 GB)",APPLE,-,256,13.72,0,"56,499",Amazon
Nokia 6310,Nokia,8,16,7.11,1150,"3,499",Amazon
itel IT5626,itel,8,8,7.11,2500,"1,749",Amazon
Nokia 6310,Nokia,8,16,7.11,1150,"3,499",Amazon
Micromax S114,Micromax,32,64,4.5,1000,"1,126",Amazon
"IQOO Neo 6 5G (Dark Nova, 256 GB)",IQOO,12,256,16.81,4700,"33,899",Amazon
GREENBERRI VIRAT,GREENBERRI,64,64,4.57,1000,849,Amazon
Kechaoda A27,Kechaoda,32,32,1.68,1,"1,085",Amazon
Kechaoda K115,Kechaoda,32,32,3.66,850,"1,145",Amazon
"SAMSUNG Galaxy A12 (Black, 128 GB)",SAMSUNG,6,128,16.51,5000,"14,890",Amazon
"realme C15 (Power Blue, 32 GB)",realme,3,32,16.56,6000,"10,049",Amazon
Nokia 105 SS 2021,Nokia,4,4,4.5,0,"1,430",Amazon
"POCO M4 Pro (Power Black, 64 GB)",POCO,6,64,16.33,5000,"14,999",Amazon
"vivo V21 5G (Dusk Blue, 128 GB)",vivo,8,128,16.36,4000,"23,990",Amazon
"vivo V21 5G (Sunset Dazzle, 128 GB)",vivo,8,128,16.36,4000,"27,990",Amazon
"LAVA BEU (ROSE PINK, 32 GB)",LAVA,2,32,15.44,4060,"5,990",Amazon
"Tecno Pop 6 Pro (Peaceful Blue, 32 MB)",Tecno,2,32,16.66,5000,"6,949",Amazon
Kechaoda K28,Kechaoda,32,64,6.1,1700,"1,399",Amazon
"APPLE iPhone 13 Pro Max (Alpine Green, 512 GB)",APPLE,-,512,17.02,0,"1,34,999",Amazon
