Title,Price,Ram,Rom,Display,Rating,Battery
"REDMI A2 (Aqua Blue, 64 GB)","₹6,478",4 GB RAM,64 GB ROM,16.56 cm (6.52 inch) Display,4.1,5000 mAh Battery
"REDMI A2 (Classic Black, 64 GB)","₹6,437",4 GB RAM,64 GB ROM,16.56 cm (6.52 inch) Display,4.1,5000 mAh Battery
"MOTOROLA g54 5G (Pearl Blue, 128 GB)","₹15,999",8 GB RAM,N/A,16.51 cm (6.5 inch) Full HD+ Display,4.2,6000 mAh Battery
"realme C53 (Champion Black, 128 GB)","₹11,999",6 GB RAM,N/A,17.12 cm (6.74 inch) HD Display,4.4,5000 mAh Battery
"REDMI A2 (Sea Green, 64 GB)","₹6,434",4 GB RAM,64 GB ROM,16.56 cm (6.52 inch) Display,4.1,5000 mAh Battery
"SAMSUNG Galaxy F13 (Waterfall Blue, 128 GB)","₹10,199",4 GB RAM,N/A,16.76 cm (6.6 inch) Full HD+ Display,4.3,6000 mAh Lithium Ion Battery
"POCO F5 5G (Snowstorm White, 256 GB)","₹23,999",8 GB RAM,256 GB ROM,16.94 cm (6.67 inch) Full HD+ Display,4.3,5000 mAh Battery
"REDMI Note 12 5G (Matte Black, 128 GB)","₹15,999",4 GB RAM,N/A,16.94 cm (6.67 inch) Full HD+ AMOLED Display,3.9,5000 mAh Battery
"POCO C50 (Royal Blue, 32 GB)","₹5,999",3 GB RAM,N/A,16.56 cm (6.52 inch) HD+ Display,4,5000 mAh Lithium Polymer Battery
"Infinix Note 30 5G (Magic Black, 256 GB)","₹14,499",8 GB RAM,N/A,17.22 cm (6.78 inch) Full HD+ Display,4.2,5000 mAh Li-ion Polymer Battery
"realme 11 Pro 5G (Sunrise Beige, 256 GB)","₹27,999",12 GB RAM,256 GB ROM,17.02 cm (6.7 inch) Full HD+ Display,4.3,5000 mAh Battery
"realme C53 (Champion Gold, 128 GB)","₹11,999",6 GB RAM,N/A,17.12 cm (6.74 inch) HD Display,4.4,5000 mAh Battery
"realme C53 (Champion Black, 64 GB)","₹10,499",6 GB RAM,N/A,17.12 cm (6.74 inch) HD Display,4.4,5000 mAh Battery
"Infinix Note 30 5G (Magic Black, 128 GB)","₹13,499",4 GB RAM,N/A,17.22 cm (6.78 inch) Full HD+ Display,4.1,5000 mAh Li-ion Polymer Battery
"POCO X5 Pro 5G (Horizon Blue, 128 GB)","₹18,499",6 GB RAM,128 GB ROM,16.94 cm (6.67 inch) Full HD+ Display,4.3,5000 mAh Battery
"realme C53 (Champion Black, 128 GB)","₹9,999",4 GB RAM,N/A,17.12 cm (6.74 inch) HD Display,4.1,5000 mAh Battery
"MOTOROLA Edge 40 (Viva Magenta, 256 GB)","₹26,999",8 GB RAM,256 GB ROM,16.51 cm (6.5 inch) Full HD+ Display,4.2,4400 mAh Battery
"MOTOROLA g54 5G (Mint Green, 128 GB)","₹15,999",8 GB RAM,N/A,16.51 cm (6.5 inch) Full HD+ Display,4.2,6000 mAh Battery
"POCO M6 Pro 5G (Power Black, 64 GB)","₹10,999",4 GB RAM,N/A,17.25 cm (6.79 inch) Full HD+ Display,4.3,5000 mAh Battery
"realme 11 Pro+ 5G (Oasis Green, 256 GB)","₹27,999",8 GB RAM,256 GB ROM,17.02 cm (6.7 inch) Full HD+ Display,4.3,5000 mAh Battery
"REDMI A2 (Aqua Blue, 64 GB)","₹6,457",2 GB RAM,64 GB ROM,16.56 cm (6.52 inch) Display,4.1,5000 mAh Battery
"SAMSUNG Galaxy M14 5G (Icy Silver, 128 GB)","₹13,151",6 GB RAM,128 GB ROM,16.76 cm (6.6 inch) Display,4.2,6000 mAh Battery
"MOTOROLA e13 (Creamy White, 64 GB)","₹6,499",4 GB RAM,N/A,16.51 cm (6.5 inch) HD+ Display,4,5000 mAh Battery
"POCO M5 (Icy Blue, 128 GB)","₹9,499",6 GB RAM,N/A,16.71 cm (6.58 inch) Full HD+ Display,4.2,5000 mAh Lithium-ion Polymer Battery
"Honor 90 5G (Emerald Green, 512 GB)","₹33,988",12 GB RAM,512 GB ROM,17.02 cm (6.7 inch) Display,4.2,5000 mAh Battery
"SAMSUNG Galaxy F54 5G (Meteor Blue, 256 GB)","₹26,999",8 GB RAM,N/A,17.02 cm (6.7 inch) Full HD+ Display,4.2,6000 mAh Battery
"APPLE iPhone 14 Plus (Purple, 256 GB)","₹83,999",256 GB ROM,N/A,17.02 cm (6.7 inch) Super Retina XDR Display,4.6,"A15 Bionic Chip, 6 Core Processor Processor"
"Infinix HOT 20 Play (Fantasy Purple, 64 GB)","₹7,999",4 GB RAM,N/A,17.32 cm (6.82 inch) HD+ Display,4.4,6000 mAh Li-ion Polymer Battery
"Infinix HOT 20 Play (Aurora Green, 64 GB)","₹7,999",4 GB RAM,N/A,17.32 cm (6.82 inch) HD+ Display,4.4,6000 mAh Li-ion Polymer Battery
"Infinix HOT 20 Play (Luna Blue, 64 GB)","₹7,999",4 GB RAM,N/A,17.32 cm (6.82 inch) HD+ Display,4.4,6000 mAh Li-ion Polymer Battery
"Nothing Phone (2) (Dark Grey, 512 GB)","₹49,999",12 GB RAM,512 GB ROM,17.02 cm (6.7 inch) Full HD+ Display,4.4,4700 mAh Lithium ion Battery
"Google Pixel 7 Pro (Obsidian, 128 GB)","₹65,999",12 GB RAM,128 GB ROM,17.02 cm (6.7 inch) Quad HD+ Display,4.4,4926 mAh Battery
"Honor 90 5G (Emerald Green, 256 GB)","₹31,000",8 GB RAM,256 GB ROM,17.02 cm (6.7 inch) Display,N/A,5000 mAh Battery
"SAMSUNG Galaxy A54 5G (Awesome Graphite, 256 GB)","₹37,499",8 GB RAM,N/A,16.26 cm (6.4 inch) Full HD+ Display,4.3,5000 mAh Battery
"Samsung Galaxy S21 FE 5G with Snapdragon 888 (Olive, 128 GB)","₹44,999",8 GB RAM,128 GB ROM,16.26 cm (6.4 inch) Full HD+ Display,4.3,4500 mAh Lithium-ion Battery
"APPLE iPhone 14 (Yellow, 128 GB)","₹64,999",128 GB ROM,N/A,15.49 cm (6.1 inch) Super Retina XDR Display,4.6,"A15 Bionic Chip, 6 Core Processor Processor"
"REDMI Note 11S (Space Black, 64 GB)","₹14,989",6 GB RAM,64 GB ROM,16.33 cm (6.43 inch) Display,4.1,5000 mAh Battery
"Infinix HOT 20 Play (Racing Black, 64 GB)","₹7,999",4 GB RAM,N/A,17.32 cm (6.82 inch) HD+ Display,4.4,6000 mAh Li-ion Polymer Battery
"OnePlus Nord CE3 5G (Grey Shimmer, 256 GB)","₹28,299",12 GB RAM,256 GB ROM,17.02 cm (6.7 inch) Display,4.4,5000 mAh Battery
"SAMSUNG Galaxy M04 (Dark Blue, 64 GB)","₹7,276",4 GB RAM,N/A,16.51 cm (6.5 inch) HD+ Display,4.1,5000 mAh Battery
"realme 10 (Clash White, 64 GB)","₹11,999",4 GB RAM,N/A,16.26 cm (6.4 inch) Full HD+ Display,4.2,5000 mAh Battery
"APPLE iPhone 15 (Green, 128 GB)","₹79,900",128 GB ROM,N/A,15.49 cm (6.1 inch) Super Retina XDR Display,4.7,"A16 Bionic Chip, 6 Core Processor Processor"
"OnePlus Nord CE3 5G (Aqua Surge, 128 GB)","₹25,699",8 GB RAM,128 GB ROM,17.02 cm (6.7 inch) Display,4.4,5000 mAh Battery
"POCO M5 (Yellow, 128 GB)","₹9,499",6 GB RAM,N/A,16.71 cm (6.58 inch) Full HD+ Display,4.2,5000 mAh Lithium-ion Polymer Battery
"SAMSUNG Galaxy F23 5G (Aqua Blue, 128 GB)","₹16,999",6 GB RAM,N/A,16.76 cm (6.6 inch) Full HD+ Display,4.3,5000 mAh Lithium Ion Battery
"SAMSUNG Galaxy S22 5G (Green, 128 GB)","₹49,999",8 GB RAM,128 GB ROM,15.49 cm (6.1 inch) Full HD+ Display,4.4,3700 mAh Lithium-ion Battery
"REDMI 12 5G (Pastel Blue, 128 GB)","₹13,193",4 GB RAM,128 GB ROM,17.25 cm (6.79 inch) Display,4.3,5000 mAh Battery
"SAMSUNG Galaxy A14 5G (Black, 128 GB)","₹17,999",6 GB RAM,N/A,16.76 cm (6.6 inch) HD+ Display,4.1,5000 mAh Lithium Ion Battery
"POCO F1 (Graphite Black, 128 GB)","₹14,990",6 GB RAM,N/A,15.7 cm (6.18 inch) Full HD+ Display,4.5,4000 mAh Li-polymer Battery
"REDMI Note 10 Pro (Dark Night, 128 GB)","₹17,999",6 GB RAM,N/A,16.94 cm (6.67 inch) Full HD+ Super AMOLED Display,4.3,5020 mAh Li-Polymer Battery
"SAMSUNG Galaxy A13 (Blue, 64 GB)","₹12,699",4 GB RAM,N/A,16.76 cm (6.6 inch) Full HD+ Display,4.1,5000 mAh Lithium Ion Battery
"vivo Y22 (Starlit Blue, 128 GB)","₹15,300",6 GB RAM,N/A,16.64 cm (6.55 inch) HD+ Display,4.3,5000 mAh Lithium Battery
"POCO M3 (Yellow, 64 GB)","₹10,660",4 GB RAM,N/A,16.59 cm (6.53 inch) Full HD+ Display,4.3,6000 mAh Lithium-ion Polymer Battery
"APPLE iPhone 14 (Purple, 512 GB)","₹94,999",512 GB ROM,N/A,15.49 cm (6.1 inch) Super Retina XDR Display,4.6,"A15 Bionic Chip, 6 Core Processor Processor"
"I Kall Z20 Pro (Blue, 64 GB)","₹7,799",4 GB RAM,N/A,16.51 cm (6.5 inch) HD+ Display,3.3,5000 mAh Battery
"Infinix Hot 11 (Silver Wave, 64 GB)","₹9,999",4 GB RAM,N/A,16.76 cm (6.6 inch) Full HD+ Display,4.3,5200 mAh Li-ion Polymer Battery
"vivo V25 5G (Surfing Blue, 256 GB)","₹28,965",12 GB RAM,256 GB ROM,16.36 cm (6.44 inch) Full HD+ Display,4.2,4500 mAh Lithium Battery
"Mi 11X (Cosmic Black, 128 GB)","₹21,499",6 GB RAM,128 GB ROM,16.94 cm (6.67 inch) Display,4.2,4520 mAh Battery
"Xiaomi 11Lite NE (Vinyl Black, 128 GB)","₹21,000",6 GB RAM,N/A,16.64 cm (6.55 inch) Full HD+ Display,4.2,4250 mAh Battery
"I Kall S1 Plus (Golden, 128 GB)","₹9,489",6 GB RAM,N/A,17.27 cm (6.8 inch) HD+ Display,3.6,6000 mAh Battery
"Mi 10T (Cosmic Black, 128 GB)","₹22,990",6 GB RAM,128 GB ROM,16.94 cm (6.67 inch) Full HD+ Display,4.2,5000 mAh Li-ion Polymer Battery
"SAMSUNG Galaxy Z Flip5 (Lavender, 512 GB)","₹1,09,999",8 GB RAM,512 GB ROM,17.02 cm (6.7 inch) Display,4.5,3700 mAh Battery
"Infinix Hot 11 (Emerald Green, 64 GB)","₹9,999",4 GB RAM,N/A,16.76 cm (6.6 inch) Full HD+ Display,4.3,5200 mAh Li-ion Polymer Battery
"REDMI 10A (Slate Grey, 32 GB)","₹7,489",3 GB RAM,32 GB ROM,16.59 cm (6.53 inch) Display,4.1,5000 mAh Battery
"REDMI A1 (Black, 32 GB)","₹6,100",2 GB RAM,32 GB ROM,16.56 cm (6.52 inch) Display,4.2,5000 mAh Battery
"SAMSUNG Galaxy A03 Core (Mint, 32 GB)","₹7,199",2 GB RAM,32 GB ROM,16.51 cm (6.5 inch) Display,4.1,5000 mAh Battery
"vivo Y15c (Mystic Blue, 64 GB)","₹10,790",3 GB RAM,N/A,16.54 cm (6.51 inch) HD+ Display,4.2,5000 mAh Lithium Battery
"SAMSUNG Galaxy S22 Ultra 5G (Phantom Black, 512 GB)","₹1,01,199",12 GB RAM,512 GB ROM,17.27 cm (6.8 inch) Quad HD+ Display,4.4,5000 mAh Lithium-ion Battery
"SAMSUNG Galaxy M04 (Light Green, 128 GB)","₹8,324",4 GB RAM,128 GB ROM,16.51 cm (6.5 inch) HD+ Display,4.1,5000 mAh Battery
"POCO M4 Pro (Power Black, 64 GB)","₹14,999",6 GB RAM,N/A,16.33 cm (6.43 inch) Full HD+ AMOLED Display,4.3,5000 mAh Lithium-ion Polymer Battery
"SAMSUNG Galaxy A23 5G (Orange, 128 GB)","₹20,999",6 GB RAM,N/A,16.76 cm (6.6 inch) Full HD+ Display,4.1,5000 mAh Lithium Ion Battery
"REDMI 10 (Sunrise Orange, 64 GB)","₹10,999",4 GB RAM,N/A,17.02 cm (6.7 inch) HD+ Display,4.3,6000 mAh Lithium Polymer Battery
Title,Price,Ram,Rom,Display,Rating,Battery
"APPLE iPhone 15 (Black, 256 GB)","₹89,900",256 GB ROM,N/A,15.49 cm (6.1 inch) Super Retina XDR Display,4.7,"A16 Bionic Chip, 6 Core Processor Processor"
"MOTOROLA Edge 30 Fusion (Cosmic grey, 128 GB)","₹34,999",8 GB RAM,128 GB ROM,16.64 cm (6.55 inch) Full HD+ Display,4.3,4400 mAh Lithium Battery
"MOTOROLA g73 5G (Lucent White, 128 GB)","₹16,999",8 GB RAM,N/A,16.51 cm (6.5 inch) Full HD+ Display,4,5000 mAh Battery
"Infinix NOTE 12i (Force Black, 64 GB)","₹8,999",4 GB RAM,N/A,17.02 cm (6.7 inch) Full HD+ AMOLED Display,4.2,5000 mAh Lithium-ion Polymer Battery
"Infinix Zero 30 5G (Rome Green, 256 GB)","₹23,999",12 GB RAM,256 GB ROM,17.22 cm (6.78 inch) Full HD+ Display,4.2,5000 mAh Lithium-ion Polymer Battery
"APPLE iPhone 14 Plus (Starlight, 256 GB)","₹83,999",256 GB ROM,N/A,17.02 cm (6.7 inch) Super Retina XDR Display,4.6,"A15 Bionic Chip, 6 Core Processor Processor"
"SAMSUNG Galaxy A34 5G (Awesome Graphite, 256 GB)","₹29,999",8 GB RAM,N/A,16.76 cm (6.6 inch) Full HD+ Display,4.2,5000 mAh Li-ion Battery Battery
"realme 10 (Clash White, 128 GB)","₹13,999",8 GB RAM,N/A,16.26 cm (6.4 inch) Full HD+ Display,4.3,5000 mAh Battery
"POCO M4 5G (Yellow, 64 GB)","₹10,999",4 GB RAM,N/A,16.71 cm (6.58 inch) Full HD+ Display,4.2,5000 mAh Lithium Ion Polymer Battery
"POCO M4 5G (Cool Blue, 128 GB)","₹12,999",6 GB RAM,N/A,16.71 cm (6.58 inch) Full HD+ Display,4.2,5000 mAh Lithium Ion Polymer Battery
"APPLE iPhone 15 Plus (Blue, 128 GB)","₹89,900",128 GB ROM,N/A,17.02 cm (6.7 inch) Super Retina XDR Display,4.7,"A16 Bionic Chip, 6 Core Processor Processor"
"REDMI Note 12 5G (Mystique Blue, 128 GB)","₹15,999",4 GB RAM,N/A,16.94 cm (6.67 inch) Full HD+ AMOLED Display,3.9,5000 mAh Battery
"APPLE iPhone 12 (Red, 128 GB)","₹54,900",128 GB ROM,N/A,15.49 cm (6.1 inch) Super Retina XDR Display,4.6,A14 Bionic Chip with Next Generation Neural Engine Processor
"MOTOROLA e13 (Cosmic Black, 64 GB)","₹5,999",2 GB RAM,N/A,16.51 cm (6.5 inch) HD+ Display,4,5000 mAh Battery
"Honor 90 5G (Diamond Silver, 256 GB)","₹31,999",8 GB RAM,256 GB ROM,17.02 cm (6.7 inch) Display,N/A,5000 mAh Battery
"APPLE iPhone 14 (Purple, 256 GB)","₹74,999",256 GB ROM,N/A,15.49 cm (6.1 inch) Super Retina XDR Display,4.6,"A15 Bionic Chip, 6 Core Processor Processor"
"realme 10 (Rush Black, 64 GB)","₹11,999",4 GB RAM,N/A,16.26 cm (6.4 inch) Full HD+ Display,4.2,5000 mAh Battery
"realme Narzo N55 (Prime Blue, 128 GB)","₹11,628",6 GB RAM,128 GB ROM,17.07 cm (6.72 inch) Display,4.3,5000 mAh Battery
"Tecno Pova 5 45W Ultra Fast Charging 6000mAh Big Battery 3D Textured Design 6.78 FHD (Amber Gold, 128 ...","₹11,999",8 GB RAM,128 GB ROM,17.22 cm (6.78 inch) Display,4.1,6000 mAh Battery
"Tecno Pova 5 45W Ultra Fast Charging 6000mAh Big Battery 3D Textured Design 6.78 FHD (Mecha Black, 128...","₹11,999",8 GB RAM,128 GB ROM,17.22 cm (6.78 inch) Display,4.1,6000 mAh Battery
"POCO M5 (Power Black, 128 GB)","₹9,499",6 GB RAM,N/A,16.71 cm (6.58 inch) Full HD+ Display,4.2,5000 mAh Lithium-ion Polymer Battery
"Samsung Galaxy S21 FE 5G with Snapdragon 888 (Graphite, 128 GB)","₹44,999",8 GB RAM,128 GB ROM,16.26 cm (6.4 inch) Full HD+ Display,4.3,4500 mAh Lithium-ion Battery
"IQOO Z7S 5G (Norway Blue, 128 GB)","₹19,390",8 GB RAM,128 GB ROM,16.26 cm (6.4 inch) Display,4.3,4500 mAh Battery
"SAMSUNG Galaxy A34 5G (Awesome Lime, 256 GB)","₹29,999",8 GB RAM,N/A,16.76 cm (6.6 inch) Full HD+ Display,4.2,5000 mAh Li-ion Battery Battery
"SAMSUNG Galaxy M04 (Light Green, 128 GB)","₹8,322",4 GB RAM,128 GB ROM,16.51 cm (6.5 inch) HD+ Display,4.1,5000 mAh Battery
"OnePlus Nord 3 5G (Misty Green, 128 GB)","₹31,473",8 GB RAM,128 GB ROM,17.12 cm (6.74 inch) Display,4.4,5000 mAh Battery
"POCO M3 (Power Black, 64 GB)","₹10,899",6 GB RAM,N/A,16.59 cm (6.53 inch) Full HD+ Display,4.3,6000 mAh Lithium-ion Polymer Battery
"vivo Y16 (Steller Black, 64 GB)","₹10,999",3 GB RAM,N/A,16.54 cm (6.51 inch) HD+ Display,4.2,5000 mAh Lithium Battery
"POCO M4 5G (Power Black, 128 GB)","₹12,999",6 GB RAM,N/A,16.71 cm (6.58 inch) Full HD+ Display,4.2,5000 mAh Lithium Ion Polymer Battery
"OPPO A17k (Blue, 64 GB)","₹8,999",3 GB RAM,N/A,16.66 cm (6.56 inch) HD+ Display,4.5,5000 mAh Battery
"SAMSUNG Galaxy S21 FE 5G (Lavender, 128 GB)","₹39,999",8 GB RAM,128 GB ROM,16.26 cm (6.4 inch) Full HD+ Display,4.3,4500 mAh Lithium-ion Battery
"MOTOROLA g22 (Mint Green, 64 GB)","₹9,999",4 GB RAM,N/A,16.51 cm (6.5 inch) HD+ Display,3.8,5000 mAh Lithium Ion Battery
"OPPO A18 (Glowing Black, 128 GB)","₹11,499",4 GB RAM,128 GB ROM,16.66 cm (6.56 inch) HD+ Display,4.3,5000 mAh Battery
"OPPO A18 (Glowing Blue, 128 GB)","₹11,499",4 GB RAM,128 GB ROM,16.66 cm (6.56 inch) HD+ Display,4.3,5000 mAh Battery
"SAMSUNG Galaxy F23 5G (Forest Green, 128 GB)","₹15,999",4 GB RAM,N/A,16.76 cm (6.6 inch) Full HD+ Display,4.2,5000 mAh Lithium Ion Battery
"SAMSUNG Galaxy A14 5G (Black, 128 GB)","₹19,999",8 GB RAM,N/A,16.76 cm (6.6 inch) HD+ Display,4.1,5000 mAh Lithium Ion Battery
"OnePlus 10R (Sierra Black, 128 GB)","₹27,459",8 GB RAM,128 GB ROM,17.02 cm (6.7 inch) Display,4.3,5000 mAh Battery
"IQOO Z7S 5G (Pacific Night, 128 GB)","₹19,390",8 GB RAM,128 GB ROM,16.26 cm (6.4 inch) Display,4.3,4500 mAh Battery
"SAMSUNG Galaxy F23 5G (Forest Green, 128 GB)","₹16,999",6 GB RAM,N/A,16.76 cm (6.6 inch) Full HD+ Display,4.3,5000 mAh Lithium Ion Battery
"REDMI Note 12 Pro 5G (Onyx Black, 256 GB)","₹25,999",12 GB RAM,256 GB ROM,16.94 cm (6.67 inch) Full HD+ AMOLED Display,4.1,5000 mAh Lithium Polymer Battery
"Tecno Spark Go 2023 6.56 HD+Display 13MP Dual Camera (Orange, 64 GB)","₹7,474",4 GB RAM,64 GB ROM,16.66 cm (6.56 inch) Display,4.2,5000 mAh Battery
"OPPO A17 (Midnight Black, 64 GB)","₹11,499",4 GB RAM,N/A,16.66 cm (6.56 inch) HD+ Display,4.4,5000 mAh Lithium-ion Polymer Battery
"Nothing Phone (2) (White, 256 GB)","₹44,999",12 GB RAM,256 GB ROM,17.02 cm (6.7 inch) Full HD+ Display,4.4,4700 mAh Lithium ion Battery
"Nothing Phone (2) (Dark Grey, 256 GB)","₹44,999",12 GB RAM,256 GB ROM,17.02 cm (6.7 inch) Full HD+ Display,4.4,4700 mAh Lithium ion Battery
"IQOO Z7s 5G (?Pacific Night, 128 GB)","₹18,390",6 GB RAM,128 GB ROM,16.21 cm (6.38 inch) Display,4.3,4500 mAh Battery
"POCO M3 (Yellow, 64 GB)","₹12,999",6 GB RAM,N/A,16.59 cm (6.53 inch) Full HD+ Display,4.3,6000 mAh Lithium-ion Polymer Battery
"REDMI 10 Power (Power Black, 128 GB)","₹10,990",8 GB RAM,128 GB ROM,17.02 cm (6.7 inch) Display,4.2,6000 mAh Battery
"REDMI Note 12 Pro 5G (Glacier Blue, 256 GB)","₹25,999",12 GB RAM,256 GB ROM,16.94 cm (6.67 inch) Full HD+ AMOLED Display,4.1,5000 mAh Lithium Polymer Battery
"APPLE iPhone 13 (Midnight, 512 GB)","₹69,999",512 GB ROM,N/A,15.49 cm (6.1 inch) Super Retina XDR Display,4.7,A15 Bionic Chip Processor
"SAMSUNG Galaxy A54 5G (Awesome Violet, 256 GB)","₹37,499",8 GB RAM,N/A,16.26 cm (6.4 inch) Full HD+ Display,4.3,5000 mAh Battery
"REDMI Note 12 5G (Sunrise Gold, 128 GB)","₹15,999",4 GB RAM,N/A,16.94 cm (6.67 inch) Full HD+ AMOLED Display,3.9,5000 mAh Battery
"SAMSUNG Galaxy A34 5G (Awesome Graphite, 128 GB)","₹27,999",8 GB RAM,N/A,16.76 cm (6.6 inch) Full HD+ Display,4.2,5000 mAh Li-ion Battery Battery
"OPPO A17k (Navy Blue, 64 GB)","₹8,999",3 GB RAM,N/A,16.66 cm (6.56 inch) HD+ Display,4.5,5000 mAh Battery
"OPPO F23 5G (Bold Gold, 256 GB)","₹24,999",8 GB RAM,N/A,17.07 cm (6.72 inch) Full HD+ Display,4.2,5000 mAh Battery
"Nothing Phone (1) (Black, 128 GB)","₹29,999",8 GB RAM,128 GB ROM,16.64 cm (6.55 inch) Full HD+ Display,4.3,4500 mAh Lithium-ion Battery
"vivo Y75 (Moonlight Shadow, 128 GB)","₹16,970",8 GB RAM,N/A,16.36 cm (6.44 inch) Full HD+ AMOLED Display,4.3,4050 mAh Lithium Battery
"POCO M4 Pro (Power Black, 128 GB)","₹17,999",8 GB RAM,N/A,16.33 cm (6.43 inch) Full HD+ AMOLED Display,4.2,5000 mAh Lithium-ion Polymer Battery
"OPPO F21 Pro (Sunset Orange, 128 GB)","₹18,700",8 GB RAM,128 GB ROM,16.33 cm (6.43 inch) Display,4.3,4500 mAh Battery
"SAMSUNG Galaxy Z Flip3 5G (Cream, 128 GB)","₹49,999",8 GB RAM,128 GB ROM,17.02 cm (6.7 inch) Full HD+ Display,4.3,3300 mAh Lithium-ion Battery
"Samsung Galaxy S21 FE 5G with Snapdragon 888 (Navy, 256 GB)","₹49,999",8 GB RAM,256 GB ROM,16.26 cm (6.4 inch) Full HD+ Display,4.3,4500 mAh Lithium-ion Battery
"realme 10 Pro 5G (Dark Matter, 128 GB)","₹19,999",8 GB RAM,N/A,17.07 cm (6.72 inch) Full HD+ Display,4.3,5000 mAh Battery
"realme 10 Pro 5G (Hyperspace, 128 GB)","₹19,999",8 GB RAM,N/A,17.07 cm (6.72 inch) Full HD+ Display,4.3,5000 mAh Battery
"Tecno Camon20 Predawn 64MP RGBW Camera (Serenity Blue, 256 GB)","₹14,479",8 GB RAM,N/A,16.94 cm (6.67 inch) Full HD+ Display,4.3,5000 mAh Battery
"REDMI Note 10S (Shadow Black, 64 GB)","₹14,999",6 GB RAM,N/A,16.33 cm (6.43 inch) Full HD+ Super AMOLED Display,4.4,5000 mAh Lithium-Ploymer Battery
"REDMI A2 (Classic Black, 32 GB)","₹6,249",2 GB RAM,32 GB ROM,16.56 cm (6.52 inch) HD+ Display,4.1,5000 mAh Battery
"realme Narzo N53 (Feather Gold, 128 GB)","₹10,973",6 GB RAM,128 GB ROM,17.12 cm (6.74 inch) Display,4.2,5000 mAh Battery
"Samsung Galaxy S21 FE 5G with Snapdragon 888 (Olive, 256 GB)","₹49,999",8 GB RAM,256 GB ROM,16.26 cm (6.4 inch) Full HD+ Display,4.3,4500 mAh Lithium-ion Battery
"OPPO A78 (Aqua Green, 128 GB)","₹16,499",8 GB RAM,128 GB ROM,16.33 cm (6.43 inch) Full HD+ AMOLED Display,4.3,5000 mAh Battery
"APPLE iPhone 15 Plus (Green, 512 GB)","₹1,19,900",512 GB ROM,N/A,17.02 cm (6.7 inch) Super Retina XDR Display,4.7,"A16 Bionic Chip, 6 Core Processor Processor"
"SAMSUNG Galaxy Z Flip5 (Graphite, 512 GB)","₹1,09,999",8 GB RAM,512 GB ROM,17.02 cm (6.7 inch) Display,4.5,3700 mAh Battery
"Tecno Spark Go 2023 (Uyuni Blue, 64 GB)","₹7,990",4 GB RAM,N/A,16.66 cm (6.56 inch) HD+ Display,4.1,5000 mAh Battery
"SAMSUNG Galaxy Z Fold5 (Cream, 512 GB)","₹1,64,999",12 GB RAM,512 GB ROM,15.75 cm (6.2 inch) Display,4.7,4400 mAh Battery
"vivo Y81 (Black, 32 GB)","₹8,799",3 GB RAM,N/A,15.49 cm (6.1 inch) HD+ Display,4.4,3260 mAh Li-ion Battery
"Tecno Spark Go 2023 (Endless Black, 32+3 GB)","₹6,759",3 GB RAM,32+3 GB ROM,16.66 cm (6.56 inch) Display,4.1,5000 mAh Battery
"itel P40 (Dreamy Blue, 32 GB)","₹6,598",3 GB RAM,32 GB ROM,16.76 cm (6.6 inch) Display,4,6000 mAh Battery
"OnePlus 10R (Forest Green, 128 GB)","₹27,797",8 GB RAM,128 GB ROM,17.02 cm (6.7 inch) Display,4.3,5000 mAh Battery
"POCO M2 Pro (Green and Greener, 64 GB)","₹10,349",4 GB RAM,N/A,16.94 cm (6.67 inch) Full HD+ Display,4.3,5000 mAh Lithium-ion Polymer Battery
"SAMSUNG GALAXY M13 (Aqua Green, 64 GB)","₹10,062",4 GB RAM,64 GB ROM,16.76 cm (6.6 inch) Display,4.2,6000 mAh Battery
"SAMSUNG GALAXY M13 (Midnight Blue, 128 GB)","₹12,589",6 GB RAM,128 GB ROM,16.76 cm (6.6 inch) Display,4.2,6000 mAh Battery
"realme Narzo 60 5G (?Cosmic Black, 128 GB)","₹18,399",8 GB RAM,128 GB ROM,16.33 cm (6.43 inch) Display,4.3,5000 mAh Battery
"Tecno Pop 7 pro Uyuni 12MP Dual Camera B29 (?Uyuni Blue, 64 GB)","₹6,499",2 GB RAM,64 GB ROM,16.66 cm (6.56 inch) Display,4.1,5000 mAh Battery
"OnePlus Nord 3 5G (Tempest Gray, 128 GB)","₹30,899",8 GB RAM,128 GB ROM,17.12 cm (6.74 inch) Display,4.4,5000 mAh Battery
"APPLE iPhone 15 (Green, 256 GB)","₹89,900",256 GB ROM,N/A,15.49 cm (6.1 inch) Super Retina XDR Display,4.7,"A16 Bionic Chip, 6 Core Processor Processor"
"REDMI Note 11 (Horizon Blue, 128 GB)","₹14,999",6 GB RAM,128 GB ROM,16.33 cm (6.43 inch) Display,4.2,5000 mAh Battery
"POCO M4 Pro 5G (Power Black, 64 GB)","₹14,999",4 GB RAM,N/A,16.76 cm (6.6 inch) Full HD+ Display,4.3,5000 mAh Lithium-ion Polymer Battery
"realme GT Neo 3 (Sprint White, 128 GB)","₹24,999",8 GB RAM,128 GB ROM,17.02 cm (6.7 inch) Full HD+ Display,4.2,5000 mAh Lithium Ion Battery
"SAMSUNG Galaxy A54 5G (Awesome Lime, 256 GB)","₹37,499",8 GB RAM,N/A,16.26 cm (6.4 inch) Full HD+ Display,4.3,5000 mAh Battery
"APPLE iPhone 15 Pro Max (Blue Titanium, 256 GB)","₹1,59,900",256 GB ROM,N/A,17.02 cm (6.7 inch) Super Retina XDR Display,4.8,"A17 Pro Chip, 6 Core Processor Processor"
"Xiaomi 12 Pro 5G (Noir Black, 256 GB)","₹41,999",12 GB RAM,256 GB ROM,17.09 cm (6.73 inch) Full HD+ Display,4.2,4600 mAh Lithium Polymer Battery
"Mi 11 Lite (Vinyl Black, 128 GB)","₹15,999",8 GB RAM,N/A,16.64 cm (6.55 inch) Full HD+ Display,4.2,4250 mAh Li-Polymer Battery
"POCO M2 Pro (Out of the Blue, 128 GB)","₹19,999",6 GB RAM,N/A,16.94 cm (6.67 inch) Full HD+ Display,4.4,5000 mAh Lithium-ion Polymer Battery
"REDMI NOTE 10 LITE (Aurora Blue, 128 GB)","₹12,920",6 GB RAM,128 GB ROM,16.94 cm (6.67 inch) Display,4.3,5020 mAh Battery
"OPPO A38 (Glowing Gold, 128 GB)","₹12,999",4 GB RAM,N/A,16.66 cm (6.56 inch) HD Display,4.5,5000 mAh Battery
"REDMI 11 Prime 5G (Meadow Green, 64 GB)","₹13,745",4 GB RAM,64 GB ROM,16.71 cm (6.58 inch) Display,4.1,5000 mAh Battery
"Tecno Spark Go 2023 (Endless Black, 64 GB)","₹8,440",4 GB RAM,64 GB ROM,16.66 cm (6.56 inch) Display,4.1,5000 mAh Battery
"SAMSUNG Galaxy A53 (Awesome Peach, 256 GB)","₹38,990",8 GB RAM,N/A,16.51 cm (6.5 inch) Full HD+ Display,4.1,5000 mAh Lithium Ion Battery
"POCO M3 Pro 5G (Power Black, 64 GB)","₹12,885",4 GB RAM,N/A,16.51 cm (6.5 inch) Full HD+ Display,4.3,5000 mAh Lithium-ion Polymer Battery
"OPPO F19s (Glowing Gold, 128 GB)","₹19,990",6 GB RAM,N/A,16.33 cm (6.43 inch) Full HD+ Display,4.4,5000 mAh Battery
"Redmi 9A Sport (Coral Green, 32 GB)","₹7,280",2 GB RAM,32 GB ROM,16.59 cm (6.53 inch) Display,4.1,5000 mAh Battery
"Nokia C32 (Breezy Mint, 64 GB)","₹8,499",4 GB RAM,64 GB ROM,16.55 cm (6.517 inch) Display,3.7,5000 mAh Battery
"Nokia C32 (Charcoal, 64 GB)","₹8,499",4 GB RAM,64 GB ROM,16.55 cm (6.517 inch) Display,3.7,5000 mAh Battery
"IQOO Z6 Lite 5G (With Charger) (Stellar Green, 128 GB)","₹15,099",6 GB RAM,128 GB ROM,16.97 cm (6.68 inch) Display,4.3,5000 mAh Battery
"SAMSUNG Galaxy Z Fold5 (Cream, 512 GB)","₹1,64,999",12 GB RAM,512 GB ROM,15.75 cm (6.2 inch) Display,4.7,4400 mAh Battery
"REDMI 9 Power (Mighty Black, 64 GB)","₹11,499",4 GB RAM,64 GB ROM,16.59 cm (6.53 inch) Full HD+ Display,4.3,6000 mAh Battery
"SAMSUNG Galaxy A14 (Black, 128 GB)","₹14,999",4 GB RAM,N/A,16.76 cm (6.6 inch) Full HD+ Display,3.8,5000 mAh Battery
"realme C33 2023 (Sandy Gold, 128 GB)","₹10,499",4 GB RAM,N/A,16.51 cm (6.5 inch) HD+ Display,4.3,5000 mAh Lithium Ion Battery
"REDMI 11 Prime 5G (Thunder Black, 64 GB)","₹13,380",4 GB RAM,64 GB ROM,16.71 cm (6.58 inch) Display,4.1,5000 mAh Battery
"I Kall S2 (Golden, 128 GB)","₹9,489",6 GB RAM,N/A,17.27 cm (6.8 inch) HD+ Display,4.1,6000 mAh Battery
"Infinix Note 12 5G (Snowfall, 64 GB)","₹15,999",6 GB RAM,N/A,17.02 cm (6.7 inch) Full HD+ AMOLED Display,4.2,5000 mAh Li-ion Polymer Battery
"Infinix Zero 5G (Horizon Blue, 128 GB)","₹19,999",8 GB RAM,N/A,17.22 cm (6.78 inch) Full HD+ Display,4.2,5000 mAh Li-ion Polymer Battery
"SAMSUNG Galaxy A12 (Blue, 64 GB)","₹11,390",4 GB RAM,N/A,16.51 cm (6.5 inch) HD+ Display,4.2,5000 mAh Battery
"SAMSUNG Galaxy S20 FE (Cloud Mint, 128 GB)","₹28,050",8 GB RAM,128 GB ROM,16.51 cm (6.5 inch) Display,4,4500 mAh Battery
"OPPO A77 (Sunset Orange, 128 GB)","₹15,999",4 GB RAM,N/A,16.66 cm (6.56 inch) HD+ Display,4.2,5000 mAh Lithium-ion Polymer Battery
"vivo Y16 (Steller Black, 32 GB)","₹10,749",3 GB RAM,N/A,16.54 cm (6.51 inch) HD+ Display,4.2,5000 mAh Lithium Battery
"vivo Y01A (Sapphire Blue, 32 GB)","₹9,999",2 GB RAM,32 GB ROM,16.54 cm (6.51 inch) HD+ Display,4.2,5000 mAh Battery
"SAMSUNG Galaxy M02 (Blue, 32 GB)","₹6,990",2 GB RAM,32 GB ROM,16.64 cm (6.55 inch) Full HD+ Display,4,5000 mAh Battery
"SAMSUNG Galaxy A12 (Blue, 128 GB)","₹12,390",6 GB RAM,N/A,16.51 cm (6.5 inch) HD+ Display,4.1,5000 mAh Battery
"Coolpad Mega 5M (Black, 16 GB)","₹3,799",1 GB RAM,N/A,12.7 cm (5 inch) HD Display,3.3,2000 mAh Battery
"itel P55 5G (Mint Green, 64 GB)","₹9,999",4 GB RAM,64 GB ROM,16.76 cm (6.6 inch) HD+ Display,4.1,5000 mAh Battery
"POCO M2 Pro (Out of the Blue, 64 GB)","₹11,590",4 GB RAM,N/A,16.94 cm (6.67 inch) Full HD+ Display,4.3,5000 mAh Lithium-ion Polymer Battery
"SAMSUNG Galaxy F14 5G (OMG Black, 128 GB)","₹12,490",6 GB RAM,128 GB ROM,17.32 cm (6.82 inch) HD+ Display,4.2,6000 mAh Li-ion Polymer Battery
"SAMSUNG Galaxy F14 5G (GOAT Green, 128 GB)","₹11,490",4 GB RAM ,128 GB ROM ,17.02 cm (6.7 inch) Full HD+ Display,4.2,4700 mAh Lithium ion Battery
"REDMI 12 5G (Jade Black, 128 GB)","₹13,390",4 GB RAM ,128 GB ROM,17.02 cm (6.7 inch) Quad HD+ Display,4.3,4926 mAh Battery
"SAMSUNG Galaxy M14 5G (Icy Silver, 128 GB)","₹13,080",6 GB RAM ,128 GB ROM,17.02 cm (6.7 inch) Display,4.2,5000 mAh Battery
"SAMSUNG Galaxy F14 5G (GOAT Green, 128 GB)","₹12,490",6 GB RAM ,128 GB ROM,16.26 cm (6.4 inch) Full HD+ Display,4.2,5000 mAh Battery
"SAMSUNG Galaxy F14 5G (B.A.E. Purple, 128 GB)","₹12,490",6 GB RAM ,128 GB ROM,16.26 cm (6.4 inch) Full HD+ Display,4.2,4500 mAh Lithium-ion Battery
"OnePlus Nord CE 3 Lite 5G (Chromatic Gray, 256 GB)","₹21,965",8 GB RAM ,256 GB ROM,15.49 cm (6.1 inch) Super Retina XDR Display,4.4,"A15 Bionic Chip, 6 Core Processor Processor"
"REDMI Note 12 Pro+ 5G (Obsidian Black, 256 GB)","₹27,999",8 GB RAM ,256 GB ROM,16.33 cm (6.43 inch) Display,4.2,5000 mAh Battery
"SAMSUNG Galaxy M14 5G (Icy Silver, 128 GB)","₹13,224",6 GB RAM ,128 GB ROM,17.32 cm (6.82 inch) HD+ Display,4.2,6000 mAh Li-ion Polymer Battery
"APPLE iPhone 12 (Black, 128 GB)","₹46,999",N/A,128 GB ROM,17.02 cm (6.7 inch) Display,4.6,5000 mAh Battery
"SAMSUNG Galaxy F14 5G (B.A.E. Purple, 128 GB)","₹11,490",4 GB RAM ,128 GB ROM,16.51 cm (6.5 inch) HD+ Display,4.2,5000 mAh Battery
"SAMSUNG Galaxy F14 5G (OMG Black, 128 GB)","₹11,490",4 GB RAM ,128 GB ROM,16.26 cm (6.4 inch) Full HD+ Display,4.2,5000 mAh Battery
"POCO M5 (Icy Blue, 64 GB)","₹7,777",4 GB RAM ,64 GB ROM,15.49 cm (6.1 inch) Super Retina XDR Display,4.1,"A16 Bionic Chip, 6 Core Processor Processor"
"REDMI Note 12 Pro 5G (Onyx Black, 256 GB)","₹23,999",8 GB RAM ,256 GB ROM,17.02 cm (6.7 inch) Display,4.2,5000 mAh Battery
"REDMI Note 12 5G (Mystique Blue, 128 GB)","₹17,499",6 GB RAM ,128 GB ROM,16.71 cm (6.58 inch) Full HD+ Display,4.1,5000 mAh Lithium-ion Polymer Battery
"MOTOROLA G32 (Rose Gold, 128 GB)","₹10,999",8 GB RAM ,128 GB ROM,16.76 cm (6.6 inch) Full HD+ Display,4.1,5000 mAh Lithium Ion Battery
"POCO C55 (Power Black, 64 GB)","₹6,999",4 GB RAM ,64 GB ROM,15.49 cm (6.1 inch) Full HD+ Display,4.2,3700 mAh Lithium-ion Battery
"REDMI Note 12 (Sunrise Gold, 64 GB)","₹11,999",6 GB RAM,64 GB ROM,17.25 cm (6.79 inch) Display,4.1,5000 mAh Battery
"REDMI Note 12 (Ice Blue, 128 GB)","₹13,999",6 GB RAM,128 GB ROM,16.76 cm (6.6 inch) HD+ Display,4.1,5000 mAh Lithium Ion Battery
"I Kall S2 Pro (Flash Blue, 128 GB)","₹9,799",6 GB RAM ,128 GB ROM,15.7 cm (6.18 inch) Full HD+ Display,3.8,4000 mAh Li-polymer Battery
"SAMSUNG Galaxy F34 5G (Electric Black, 128 GB)","₹18,499",8 GB RAM,128 GB ROM,16.94 cm (6.67 inch) Full HD+ Super AMOLED Display,4.2,5020 mAh Li-Polymer Battery
"SAMSUNG Galaxy F54 5G (Stardust Silver, 256 GB)","₹26,999",8 GB RAM ,256 GB ROM ,16.76 cm (6.6 inch) Full HD+ Display,4.2,5000 mAh Lithium Ion Battery
"MOTOROLA g14 (Steel Gray, 128 GB)","₹8,499",4 GB RAM ,128 GB ROM,16.64 cm (6.55 inch) HD+ Display,4.1,5000 mAh Lithium Battery
"Infinix Smart 7 HD (Silk Blue, 64 GB)","₹5,999",2 GB RAM ,64 GB ROM,16.59 cm (6.53 inch) Full HD+ Display,4.3,6000 mAh Lithium-ion Polymer Battery
"SAMSUNG Galaxy F34 5G (Orchid Violet, 128 GB)","₹18,499",8 GB RAM ,128 GB ROM,15.49 cm (6.1 inch) Super Retina XDR Display,4.2,"A15 Bionic Chip, 6 Core Processor Processor"
"Google Pixel 6a (Chalk, 128 GB)","₹34,499",6 GB RAM ,128 GB ROM,16.51 cm (6.5 inch) HD+ Display,4.3,5000 mAh Battery
"Google Pixel 6a (Charcoal, 128 GB)","₹34,499",6 GB RAM ,128 GB ROM,16.76 cm (6.6 inch) Full HD+ Display,4.3,5200 mAh Li-ion Polymer Battery
"POCO F5 5G (Snowstorm White, 256 GB)","₹26,999",12 GB RAM ,256 GB ROM,16.36 cm (6.44 inch) Full HD+ Display,4.3,4500 mAh Lithium Battery
"APPLE iPhone 14 Pro Max (Deep Purple, 128 GB)","₹1,08,999",N/A,128 GB ROM,16.94 cm (6.67 inch) Display,4.6,4520 mAh Battery
"itel A60S (Moonlit Violet, 128 GB)","₹6,888",8 GB RAM ,128 GB ROM,16.64 cm (6.55 inch) Full HD+ Display,4.1,4250 mAh Battery
"OnePlus Nord CE 3 Lite 5G (Chromatic Gray, 128 GB)","₹19,990",8 GB RAM ,128 GB ROM,17.27 cm (6.8 inch) HD+ Display,4.4,6000 mAh Battery
"SAMSUNG Galaxy A14 5G (Dark Red, 128 GB)","₹19,999",8 GB RAM ,128 GB ROM,16.94 cm (6.67 inch) Full HD+ Display,4.1,5000 mAh Li-ion Polymer Battery
"REDMI A2+ (Sea Green, 128 GB)","₹7,993",4 GB RAM ,128 GB ROM,17.02 cm (6.7 inch) Display,4.1,3700 mAh Battery
"realme Narzo N55 (Prime Blue, 64 GB)","₹10,287",4 GB RAM ,64 GB ROM,16.76 cm (6.6 inch) Full HD+ Display,4.2,5200 mAh Li-ion Polymer Battery
"OPPO A58 (Glowing Black, 128 GB)","₹14,999",6 GB RAM ,128 GB ROM,16.59 cm (6.53 inch) Display,4.4,5000 mAh Battery
"OPPO A58 (Dazzling Green, 128 GB)","₹14,999",6 GB RAM ,128 GB ROM,16.56 cm (6.52 inch) Display,4.4,5000 mAh Battery
"OnePlus Nord 3 5G (Misty Green, 128 GB)","₹31,199",8 GB RAM ,128 GB ROM,16.51 cm (6.5 inch) Display,4.4,5000 mAh Battery
"POCO M4 5G (Cool Blue, 64 GB)","₹10,999",4 GB RAM ,64 GB ROM,16.54 cm (6.51 inch) HD+ Display,4.2,5000 mAh Lithium Battery
"vivo Y16 (Steller Black, 64 GB)","₹10,590",4 GB RAM ,64 GB ROM,17.27 cm (6.8 inch) Quad HD+ Display,4.3,5000 mAh Lithium-ion Battery
"SAMSUNG Galaxy S21 FE 5G (Lavender, 128 GB)","₹39,999",8 GB RAM ,128 GB ROM,16.51 cm (6.5 inch) HD+ Display,4.3,5000 mAh Battery
"APPLE iPhone 12 (Red, 64 GB)","₹43,999",N/A,64 GB ROM,16.33 cm (6.43 inch) Full HD+ AMOLED Display,4.6,5000 mAh Lithium-ion Polymer Battery
"Tecno Pova 5 45W Ultra Fast Charging 6000mAh Big Battery 3D Textured Design 6.78 FHD (Amber Gold, 128 ...","₹11,999",8 GB RAM ,128 GB ROM,16.76 cm (6.6 inch) Full HD+ Display,4,5000 mAh Lithium Ion Battery
"Tecno Pova 5 45W Ultra Fast Charging 6000mAh Big Battery 3D Textured Design 6.78 FHD (Mecha Black, 128...","₹11,999",8 GB RAM ,128 GB ROM,17.02 cm (6.7 inch) HD+ Display,4,6000 mAh Lithium Polymer Battery
"realme Narzo N55 (Prime Black, 64 GB)","₹10,429",4 GB RAM ,64 GB ROM,Display,4.2,Battery
"SAMSUNG Galaxy F23 5G (Aqua Blue, 128 GB)","₹15,999",4 GB RAM ,128 GB ROM,15.49 cm (6.1 inch) Super Retina XDR Display,4.2,"A16 Bionic Chip, 6 Core Processor Processor"
"SAMSUNG Galaxy F23 5G (Copper Blush, 128 GB)","₹16,999",6 GB RAM ,128 GB ROM ,16.64 cm (6.55 inch) Full HD+ Display,4.3,4400 mAh Lithium Battery
"realme Narzo N53 (Feather Gold, 64 GB)","₹9,469",4 GB RAM ,64 GB ROM,16.51 cm (6.5 inch) Full HD+ Display,4.2,5000 mAh Battery
"Tecno POP 7 Pro (Uyuni Blue, 64 GB)","₹6,999",4 GB RAM ,64 GB ROM,17.02 cm (6.7 inch) Full HD+ AMOLED Display,4.1,5000 mAh Lithium-ion Polymer Battery
"APPLE iPhone 14 (Midnight, 512 GB)","₹91,999",N/A,512 GB ROM,17.22 cm (6.78 inch) Full HD+ Display,4.6,5000 mAh Lithium-ion Polymer Battery
"Tecno Spark Go 2023 (Nebula Purple, 32 GB)","₹6,564",3 GB RAM ,32 GB ROM,17.02 cm (6.7 inch) Super Retina XDR Display,4.1,"A15 Bionic Chip, 6 Core Processor Processor"
"SAMSUNG Galaxy F14 5G (OMG Black, 128 GB)","₹12,490",6 GB RAM ,128 GB ROM,16.76 cm (6.6 inch) Full HD+ Display,4.2,5000 mAh Li-ion Battery Battery
"SAMSUNG Galaxy F14 5G (GOAT Green, 128 GB)","₹11,490",4 GB RAM ,128 GB ROM,16.26 cm (6.4 inch) Full HD+ Display,4.2,5000 mAh Battery
"REDMI Note 12 Pro 5G (Glacier Blue, 128 GB)","₹23,499",8 GB RAM ,128 GB ROM,16.71 cm (6.58 inch) Full HD+ Display,4.2,5000 mAh Lithium Ion Polymer Battery
"LAVA Yuva 2 (Green, 64 GB)","₹7,296",3 GB RAM ,64 GB ROM,16.71 cm (6.58 inch) Full HD+ Display,4.2,5000 mAh Lithium Ion Polymer Battery
"SAMSUNG Galaxy F14 5G (GOAT Green, 128 GB)","₹12,490",6 GB RAM ,128 GB ROM,17.02 cm (6.7 inch) Super Retina XDR Display,4.2,"A16 Bionic Chip, 6 Core Processor Processor"
"SAMSUNG Galaxy F14 5G (B.A.E. Purple, 128 GB)","₹12,490",6 GB RAM ,128 GB ROM,16.94 cm (6.67 inch) Full HD+ AMOLED Display,4.2,5000 mAh Battery
"Infinix Hot 11S (Green Wave, 128 GB)","₹11,999",4 GB RAM ,128 GB ROM,15.49 cm (6.1 inch) Super Retina XDR Display,4.3,A14 Bionic Chip with Next Generation Neural Engine Processor
"APPLE iPhone 13 ((PRODUCT)RED, 512 GB)","₹69,499",N/A,512 GB ROM,16.51 cm (6.5 inch) HD+ Display,4.7,5000 mAh Battery
"vivo Y35 (Agate Black, 128 GB)","₹16,999",8 GB RAM,128 GB ROM,17.02 cm (6.7 inch) Display,4.4,5000 mAh Battery
"Infinix Smart 5A (Ocean Wave, 32 GB)","₹6,490",2 GB RAM ,32 GB ROM,15.49 cm (6.1 inch) Super Retina XDR Display,4.3,"A15 Bionic Chip, 6 Core Processor Processor"
"SAMSUNG Galaxy F14 5G (B.A.E. Purple, 128 GB)","₹11,490",4 GB RAM ,128 GB ROM,16.26 cm (6.4 inch) Full HD+ Display,4.2,5000 mAh Battery
"SAMSUNG Galaxy F14 5G (OMG Black, 128 GB)","₹11,490",4 GB RAM ,128 GB ROM,17.07 cm (6.72 inch) Display,4.2,5000 mAh Battery
"SAMSUNG Galaxy A04e (Light Blue, 128 GB)","₹11,499",4 GB RAM ,128 GB ROM,17.22 cm (6.78 inch) Display,4.1,6000 mAh Battery
"OPPO Find N3 Flip (Sleek Black, 256 GB)","₹94,999",12 GB RAM ,256 GB ROM,17.22 cm (6.78 inch) Display,N/A,6000 mAh Battery
"OPPO Find N3 Flip (Cream Gold, 256 GB)","₹94,999",12 GB RAM ,256 GB ROM,16.71 cm (6.58 inch) Full HD+ Display,N/A,5000 mAh Lithium-ion Polymer Battery
"OPPO F21s Pro 5G (Dawnlight Gold, 128 GB)","₹25,999",8 GB RAM ,128 GB ROM,16.26 cm (6.4 inch) Full HD+ Display,4.2,4500 mAh Lithium-ion Battery
"itel P55 5G (Mint Green, 64 GB)","₹9,999",4 GB RAM ,64 GB ROM,16.26 cm (6.4 inch) Display,4.1,4500 mAh Battery
"Infinix Hot 11S (Silver Wave, 128 GB)","₹9,487",4 GB RAM ,128 GB ROM,16.76 cm (6.6 inch) Full HD+ Display,4.3,5000 mAh Li-ion Battery Battery
"itel A60 (SapphireBlack, 32 GB)","₹5,895",2 GB RAM ,32 GB ROM,16.51 cm (6.5 inch) HD+ Display,4,5000 mAh Battery
"REDMI 10 (Pacific Blue, 64 GB)","₹10,999",4 GB RAM ,64 GB ROM,17.12 cm (6.74 inch) Display,4.3,5000 mAh Battery
"POCO M4 Pro 5G (Power Black, 128 GB)","₹14,990",6 GB RAM ,128 GB ROM ,16.59 cm (6.53 inch) Full HD+ Display,4.2,6000 mAh Lithium-ion Polymer Battery
"Infinix Zero 20 (Green Fantasy, 128 GB)","₹17,999",8 GB RAM ,128 GB ROM ,16.54 cm (6.51 inch) HD+ Display,4.1,5000 mAh Lithium Battery
"vivo X90 (Asteroid Black, 256 GB)","₹63,999",12 GB RAM ,256 GB ROM,16.71 cm (6.58 inch) Full HD+ Display,4.3,5000 mAh Lithium Ion Polymer Battery
"SAMSUNG Galaxy A23 (Blue, 128 GB)","₹19,999",8 GB RAM ,128 GB ROM,16.66 cm (6.56 inch) HD+ Display,4.3,5000 mAh Battery
"OnePlus Nord CE 2 5G (Gray Mirror, 128 GB)","₹24,999",8 GB RAM ,128 GB ROM,16.26 cm (6.4 inch) Full HD+ Display,4.3,4500 mAh Lithium-ion Battery
"REDMI 10 Prime 2022 (Astral White, 64 GB)","₹11,990",4 GB RAM ,64 GB ROM,16.51 cm (6.5 inch) HD+ Display,4.2,5000 mAh Lithium Ion Battery
"SAMSUNG Galaxy F14 5G (OMG Black, 128 GB)","₹12,490",6 GB RAM ,128 GB ROM,16.66 cm (6.56 inch) HD+ Display,4.2,5000 mAh Battery
"SAMSUNG Galaxy F14 5G (GOAT Green, 128 GB)","₹11,490",4 GB RAM ,128 GB ROM,16.66 cm (6.56 inch) HD+ Display,4.2,5000 mAh Battery
"SAMSUNG Galaxy M33 5G (Emerald Brown, 128 GB)","₹17,200",8 GB RAM ,128 GB ROM,16.76 cm (6.6 inch) Full HD+ Display,4.2,5000 mAh Lithium Ion Battery
"vivo V25 5G (Surfing Blue, 128 GB)","₹25,380",8 GB RAM ,128 GB ROM,16.76 cm (6.6 inch) HD+ Display,4.3,5000 mAh Lithium Ion Battery
"SAMSUNG Galaxy F14 5G (GOAT Green, 128 GB)","₹12,490",6 GB RAM ,128 GB ROM,17.02 cm (6.7 inch) Display,4.2,5000 mAh Battery
"SAMSUNG Galaxy F14 5G (B.A.E. Purple, 128 GB)","₹12,490",6 GB RAM ,128 GB ROM,16.26 cm (6.4 inch) Display,4.2,4500 mAh Battery
"itel P55 5G (Mint Green, 64 GB)","₹9,999",4 GB RAM ,64 GB ROM,16.76 cm (6.6 inch) Full HD+ Display,4.1,5000 mAh Lithium Ion Battery
"REDMI Note 11S (Horizon Blue, 64 GB)","₹13,299",6 GB RAM ,64 GB ROM,16.94 cm (6.67 inch) Full HD+ AMOLED Display,4.1,5000 mAh Lithium Polymer Battery
"vivo T1X (Space Blue, 128 GB)","₹12,999",4 GB RAM ,128 GB ROM,16.66 cm (6.56 inch) Display,4.5,5000 mAh Battery
"SAMSUNG Galaxy F12 (Celestial Black, 64 GB)","₹12,999",4 GB RAM ,64 GB ROM,16.66 cm (6.56 inch) HD+ Display,4.3,5000 mAh Lithium-ion Polymer Battery
"SAMSUNG Galaxy F14 5G (B.A.E. Purple, 128 GB)","₹11,490",4 GB RAM ,128 GB ROM,17.02 cm (6.7 inch) Full HD+ Display,4.2,4700 mAh Lithium ion Battery
"SAMSUNG Galaxy F14 5G (OMG Black, 128 GB)","₹11,490",4 GB RAM ,128 GB ROM,17.02 cm (6.7 inch) Full HD+ Display,4.2,4700 mAh Lithium ion Battery
"vivo Y02 (Sunset Gold, 32 GB)","₹8,750",3 GB RAM ,32 GB ROM,16.21 cm (6.38 inch) Display,4.2,4500 mAh Battery
"realme GT 2 Pro (Paper White, 256 GB)","₹35,999",12 GB RAM ,256 GB ROM,16.59 cm (6.53 inch) Full HD+ Display,4.4,6000 mAh Lithium-ion Polymer Battery
"realme GT NEO 3 (150W) (Nitro Blue, 256 GB)","₹31,999",12 GB RAM ,256 GB ROM,17.02 cm (6.7 inch) Display,4.4,6000 mAh Battery
"SAMSUNG Galaxy A22 5G (Gray, 128 GB)","₹17,999",6 GB RAM ,128 GB ROM,16.94 cm (6.67 inch) Full HD+ AMOLED Display,4.1,5000 mAh Lithium Polymer Battery
"Infinix Hot 12 (7° Purple, 64 GB)","₹9,999",4 GB RAM ,64 GB ROM,15.49 cm (6.1 inch) Super Retina XDR Display,4.2,A15 Bionic Chip Processor
"Infinix Hot 12 (Turquoise Cyan, 64 GB)","₹9,999",4 GB RAM ,64 GB ROM,16.26 cm (6.4 inch) Full HD+ Display,4.2,5000 mAh Battery
"SAMSUNG Galaxy A72 (Awesome Violet, 128 GB)","₹26,999",8 GB RAM ,128 GB ROM,16.94 cm (6.67 inch) Full HD+ AMOLED Display,4.3,5000 mAh Battery
"Infinix Hot 11 (Emerald Green, 64 GB)","₹9,999",4 GB RAM,64 GB ROM,16.76 cm (6.6 inch) Full HD+ Display,4.3,5000 mAh Li-ion Battery Battery
"SAMSUNG Galaxy F14 5G (OMG Black, 128 GB)","₹12,490",6 GB RAM ,128 GB ROM,16.66 cm (6.56 inch) HD+ Display,4.2,5000 mAh Battery
"SAMSUNG Galaxy F14 5G (GOAT Green, 128 GB)","₹11,490",4 GB RAM ,128 GB ROM,17.07 cm (6.72 inch) Full HD+ Display,4.2,5000 mAh Battery
"APPLE iPhone 15 Plus (Yellow, 128 GB)","₹89,900",N/A,128 GB ROM,16.64 cm (6.55 inch) Full HD+ Display,4.7,4500 mAh Lithium-ion Battery
"LAVA Blaze (Glass Blue, 64 GB)","₹7,090",3 GB RAM ,64 GB ROM,16.36 cm (6.44 inch) Full HD+ AMOLED Display,4,4050 mAh Lithium Battery
"Tecno Spark 10 Pro (Starry Black, 128 GB)","₹11,998",8 GB RAM ,128 GB ROM,16.33 cm (6.43 inch) Full HD+ AMOLED Display,4.1,5000 mAh Lithium-ion Polymer Battery
"Mi 10T (Cosmic Black, 128 GB)","₹22,990",6 GB RAM ,128 GB ROM,16.33 cm (6.43 inch) Display,4.2,4500 mAh Battery
"SAMSUNG Galaxy F14 5G (GOAT Green, 128 GB)","₹12,490",6 GB RAM ,128 GB ROM,17.02 cm (6.7 inch) Full HD+ Display,4.2,3300 mAh Lithium-ion Battery
"SAMSUNG Galaxy F14 5G (B.A.E. Purple, 128 GB)","₹12,490",6 GB RAM,128 GB ROM,16.26 cm (6.4 inch) Full HD+ Display,4.2,4500 mAh Lithium-ion Battery
"REDMI Note 11 Pro (Stealth Black, 128 GB)","₹16,990",6 GB RAM ,128 GB ROM,17.07 cm (6.72 inch) Full HD+ Display,4.2,5000 mAh Battery
"IQOO Z6 44W (Raven Black, 128 GB)","₹16,490",6 GB RAM ,128 GB ROM,17.07 cm (6.72 inch) Full HD+ Display,4.3,5000 mAh Battery
"SAMSUNG Galaxy F14 5G (B.A.E. Purple, 128 GB)","₹11,490",4 GB RAM ,128 GB ROM,16.94 cm (6.67 inch) Full HD+ Display,4.2,5000 mAh Battery
"SAMSUNG Galaxy F14 5G (OMG Black, 128 GB)","₹11,490",4 GB RAM ,128 GB ROM,16.33 cm (6.43 inch) Full HD+ Super AMOLED Display,4.2,5000 mAh Lithium-Ploymer Battery
"REDMI 10A (CHARCOAL BLACK, 128 GB)","₹11,999",6 GB RAM ,128 GB ROM,16.56 cm (6.52 inch) HD+ Display,4.1,5000 mAh Battery
"REDMI Note 12 5G (Blue, 128 GB)","₹17,380",6 GB RAM ,128 GB ROM,17.12 cm (6.74 inch) Display,4.1,5000 mAh Battery
"REDMI Note 10S (Frost White, 64 GB)","₹14,999",6 GB RAM ,64 GB ROM,16.26 cm (6.4 inch) Full HD+ Display,4.4,4500 mAh Lithium-ion Battery
"SAMSUNG Galaxy A04s (Black, 128 GB)","₹13,290",4 GB RAM ,128 GB ROM,16.33 cm (6.43 inch) Full HD+ AMOLED Display,4.3,5000 mAh Battery
"APPLE iPhone 14 (Purple, 512 GB)","₹92,999",N/A,512 GB ROM,17.02 cm (6.7 inch) Super Retina XDR Display,4.6,"A16 Bionic Chip, 6 Core Processor Processor"
"POCO M4 Pro (Power Black, 64 GB)","₹14,999",6 GB RAM ,64 GB ROM,17.02 cm (6.7 inch) Display,4.3,3700 mAh Battery
"SAMSUNG Galaxy A03 (Red, 32 GB)","₹9,999",3 GB RAM ,32 GB ROM,16.66 cm (6.56 inch) HD+ Display,4.1,5000 mAh Battery
"SAMSUNG Galaxy A53 (Awesome Blue, 128 GB)","₹29,990",6 GB RAM ,128 GB ROM,15.75 cm (6.2 inch) Display,4,4400 mAh Battery
"REDMI Note 11T 5G (Stardust White, 128 GB)","₹16,980",6 GB RAM ,128 GB ROM,15.49 cm (6.1 inch) HD+ Display,4.2,3260 mAh Li-ion Battery
"REDMI Note 9 (Arctic White, 64 GB)","₹11,999",4 GB RAM ,64 GB ROM,16.66 cm (6.56 inch) Display,4.3,5000 mAh Battery
"vivo Y75 (Dancing waves, 128 GB)","₹16,789",8 GB RAM ,128 GB ROM,16.76 cm (6.6 inch) Display,4.3,6000 mAh Battery
"REDMI 12C (Lavender Purple, 6 GB)","₹9,800",6 GB RAM ,128 GB ROM,17.02 cm (6.7 inch) Display,3.8,5000 mAh Battery
